country,unique_treaties_signed,num_countries,countries_with_treaties,treaties_2000,treaties_2001,treaties_2002,treaties_2003,treaties_2004,treaties_2005,treaties_2006,treaties_2007,treaties_2008,treaties_2009,treaties_2010,treaties_2011,treaties_2012,treaties_2013,treaties_2014,treaties_2015,treaties_2016,treaties_2017,treaties_2018,treaties_2019,treaties_2020,treaties_2021,treaties_2022,treaties_2000_2022
Belgium,96,140,"Kenya, Tanzania, Uganda, Bosnia & Herzegovina, Bulgaria, Belize, Dominica, Dominican Republic, Grenada, Guyana, Haiti, Jamaica, St. Kitts & Nevis, St. Lucia, St. Vincent & Grenadines, Suriname, Trinidad & Tobago, Chile, Côte d’Ivoire, Benin, Botswana, Burkina Faso, Burundi, Cameroon, Cape Verde, Central African Republic, Chad, Comoros, Congo - Brazzaville, Congo - Kinshasa, Cook Islands, Djibouti, Equatorial Guinea, Eritrea, Eswatini, Ethiopia, Fiji, Gabon, Gambia, Ghana, Guinea, Guinea-Bissau, Kiribati, Lesotho, Liberia, Madagascar, Malawi, Mali, Marshall Islands, Mauritania, Mauritius, Micronesia (Federated States of), Mozambique, Namibia, Nauru, Niger, Nigeria, Niue, Palau, Papua New Guinea, Rwanda, Samoa, São Tomé & Príncipe, Senegal, Seychelles, Sierra Leone, Solomon Islands, South Africa, Sudan, Togo, Tonga, Tuvalu, Vanuatu, Zambia, Zimbabwe, Timor-Leste, Somalia, Croatia, Cyprus, Czechia, France, Germany, Italy, Luxembourg, Netherlands, Denmark, Ireland, United Kingdom, Greece, Portugal, Spain, Finland, Sweden, Egypt, Estonia, Faroe Islands, Hungary, Iceland, Israel, Jordan, Latvia, Lebanon, Lithuania, Malta, Poland, Romania, Slovakia, Slovenia, North Macedonia, Mexico, Montenegro, Morocco, Norway, San Marino, Serbia, Liechtenstein, Switzerland, Syria, Tunisia, Turkey, Costa Rica, El Salvador, Guatemala, Honduras, Nicaragua, Panama, Colombia, Peru, Ecuador, South Korea, Canada, Georgia, Japan, Moldova, Singapore, Ukraine, Vietnam, New Zealand, Kosovo, Kazakhstan",73,16,2,21,0,2,0,28,15,6,1,1,8,1,20,2,8,1,4,2,2,0,0,213
Austria,83,143,"Belgium, Denmark, France, Germany, Ireland, Italy, Luxembourg, Netherlands, United Kingdom, Portugal, Spain, Bosnia & Herzegovina, Bulgaria, Bahamas, Barbados, Belize, Dominica, Dominican Republic, Grenada, Guyana, Haiti, Jamaica, St. Kitts & Nevis, St. Lucia, St. Vincent & Grenadines, Suriname, Trinidad & Tobago, Chile, Côte d’Ivoire, Benin, Botswana, Burkina Faso, Burundi, Cameroon, Cape Verde, Central African Republic, Chad, Comoros, Congo - Brazzaville, Congo - Kinshasa, Cook Islands, Djibouti, Equatorial Guinea, Eritrea, Eswatini, Ethiopia, Fiji, Gabon, Gambia, Ghana, Guinea, Guinea-Bissau, Kenya, Kiribati, Lesotho, Liberia, Madagascar, Malawi, Mali, Marshall Islands, Mauritania, Mauritius, Micronesia (Federated States of), Mozambique, Namibia, Nauru, Niger, Nigeria, Niue, Palau, Papua New Guinea, Rwanda, Samoa, São Tomé & Príncipe, Senegal, Seychelles, Sierra Leone, Solomon Islands, South Africa, Sudan, Tanzania, Togo, Tonga, Tuvalu, Uganda, Vanuatu, Zambia, Zimbabwe, Timor-Leste, Somalia, Croatia, Cyprus, Czechia, Slovakia, Finland, Greece, Sweden, Egypt, Estonia, Faroe Islands, Hungary, Israel, Jordan, Latvia, Lebanon, Lithuania, Malta, Poland, Romania, Slovenia, North Macedonia, Mexico, Montenegro, Morocco, San Marino, Serbia, Liechtenstein, Switzerland, Syria, Tunisia, Turkey, Norway, Iceland, Costa Rica, El Salvador, Guatemala, Honduras, Nicaragua, Panama, Colombia, Peru, Ecuador, South Korea, Canada, Georgia, Japan, Moldova, Singapore, Ukraine, Vietnam, New Zealand, Kosovo, Kazakhstan",75,17,2,21,0,2,0,29,17,6,1,1,8,1,20,2,8,1,4,2,2,0,0,219
France,81,102,"Kenya, Tanzania, Uganda, Grenada, Guyana, Haiti, Jamaica, St. Kitts & Nevis, St. Lucia, St. Vincent & Grenadines, Suriname, Trinidad & Tobago, Gabon, Gambia, Ghana, Guinea, Guinea-Bissau, Kiribati, Lesotho, Liberia, Madagascar, Malawi, Mali, Marshall Islands, Mauritania, Mauritius, Micronesia (Federated States of), Mozambique, Namibia, Nauru, Niger, Nigeria, Niue, Palau, Papua New Guinea, Rwanda, Samoa, São Tomé & Príncipe, Senegal, Seychelles, Sierra Leone, Solomon Islands, South Africa, Sudan, Togo, Tonga, Tuvalu, Vanuatu, Zambia, Zimbabwe, Timor-Leste, Somalia, Germany, Italy, Luxembourg, Netherlands, Ireland, United Kingdom, Greece, Portugal, Spain, Sweden, Hungary, Iceland, Israel, Jordan, Latvia, Lebanon, Lithuania, Malta, Poland, Romania, Slovakia, Slovenia, North Macedonia, Mexico, Montenegro, Morocco, Norway, San Marino, Serbia, Liechtenstein, Switzerland, Syria, Tunisia, Turkey, Monaco, Guatemala, Honduras, Nicaragua, Panama, Peru, South Korea, Georgia, Japan, Moldova, Singapore, Ukraine, Vietnam, New Zealand, Kosovo, Kazakhstan",51,11,1,15,0,1,0,20,10,5,1,0,5,1,15,2,4,0,4,2,2,0,0,150
Germany,78,97,"Kenya, Tanzania, Uganda, Grenada, Guyana, Haiti, Jamaica, St. Kitts & Nevis, St. Lucia, St. Vincent & Grenadines, Suriname, Trinidad & Tobago, Ghana, Guinea, Guinea-Bissau, Kiribati, Lesotho, Liberia, Madagascar, Malawi, Mali, Marshall Islands, Mauritania, Mauritius, Micronesia (Federated States of), Mozambique, Namibia, Nauru, Niger, Nigeria, Niue, Palau, Papua New Guinea, Rwanda, Samoa, São Tomé & Príncipe, Senegal, Seychelles, Sierra Leone, Solomon Islands, South Africa, Sudan, Togo, Tonga, Tuvalu, Vanuatu, Zambia, Zimbabwe, Timor-Leste, Somalia, Italy, Luxembourg, Netherlands, Ireland, United Kingdom, Greece, Portugal, Spain, Sweden, Hungary, Iceland, Israel, Jordan, Latvia, Lebanon, Lithuania, Malta, Poland, Romania, Slovakia, Slovenia, North Macedonia, Mexico, Montenegro, Morocco, Norway, San Marino, Serbia, Liechtenstein, Switzerland, Syria, Tunisia, Turkey, Guatemala, Honduras, Nicaragua, Panama, Peru, South Korea, Japan, Moldova, Singapore, Ukraine, Vietnam, New Zealand, Kosovo, Kazakhstan",49,10,1,15,0,1,0,19,10,5,1,0,5,1,13,2,4,0,4,2,2,0,0,144
Denmark,78,116,"Dominica, Dominican Republic, Grenada, Guyana, Haiti, Jamaica, St. Kitts & Nevis, St. Lucia, St. Vincent & Grenadines, Suriname, Trinidad & Tobago, Djibouti, Equatorial Guinea, Eritrea, Eswatini, Ethiopia, Fiji, Gabon, Gambia, Ghana, Guinea, Guinea-Bissau, Kenya, Kiribati, Lesotho, Liberia, Madagascar, Malawi, Mali, Marshall Islands, Mauritania, Mauritius, Micronesia (Federated States of), Mozambique, Namibia, Nauru, Niger, Nigeria, Niue, Palau, Papua New Guinea, Rwanda, Samoa, São Tomé & Príncipe, Senegal, Seychelles, Sierra Leone, Solomon Islands, South Africa, Sudan, Tanzania, Togo, Tonga, Tuvalu, Uganda, Vanuatu, Zambia, Zimbabwe, Timor-Leste, Somalia, France, Germany, Ireland, Italy, Luxembourg, Netherlands, United Kingdom, Greece, Portugal, Spain, Finland, Sweden, Egypt, Estonia, Faroe Islands, Hungary, Iceland, Israel, Jordan, Latvia, Lebanon, Lithuania, Malta, Poland, Romania, Slovakia, Slovenia, North Macedonia, Mexico, Montenegro, Morocco, Norway, San Marino, Serbia, Liechtenstein, Switzerland, Syria, Tunisia, Turkey, El Salvador, Guatemala, Honduras, Nicaragua, Panama, Peru, Ecuador, South Korea, Georgia, Japan, Moldova, Singapore, Ukraine, Vietnam, New Zealand, Kosovo, Kazakhstan",59,14,1,17,0,1,0,23,12,6,1,0,6,1,15,2,6,0,4,2,2,0,0,172
Finland,72,103,"Grenada, Guyana, Haiti, Jamaica, St. Kitts & Nevis, St. Lucia, St. Vincent & Grenadines, Suriname, Trinidad & Tobago, Gabon, Gambia, Ghana, Guinea, Guinea-Bissau, Kenya, Kiribati, Lesotho, Liberia, Madagascar, Malawi, Mali, Marshall Islands, Mauritania, Mauritius, Micronesia (Federated States of), Mozambique, Namibia, Nauru, Niger, Nigeria, Niue, Palau, Papua New Guinea, Rwanda, Samoa, São Tomé & Príncipe, Senegal, Seychelles, Sierra Leone, Solomon Islands, South Africa, Sudan, Tanzania, Togo, Tonga, Tuvalu, Uganda, Vanuatu, Zambia, Zimbabwe, Timor-Leste, Somalia, Slovakia, France, Germany, Greece, Ireland, Italy, Luxembourg, Netherlands, Portugal, Spain, Sweden, United Kingdom, Hungary, Israel, Jordan, Latvia, Lebanon, Lithuania, Malta, Poland, Romania, Slovenia, North Macedonia, Mexico, Montenegro, Morocco, San Marino, Serbia, Liechtenstein, Switzerland, Syria, Tunisia, Turkey, Iceland, Norway, Russia, Guatemala, Honduras, Nicaragua, Panama, Peru, South Korea, Georgia, Japan, Moldova, Singapore, Ukraine, Vietnam, New Zealand, Kosovo, Kazakhstan",51,12,1,15,0,1,0,21,10,5,1,0,5,1,15,2,4,0,4,2,2,0,0,152
Italy,72,83,"Kenya, Tanzania, Uganda, Jamaica, St. Kitts & Nevis, St. Lucia, St. Vincent & Grenadines, Suriname, Trinidad & Tobago, Kiribati, Lesotho, Liberia, Madagascar, Malawi, Mali, Marshall Islands, Mauritania, Mauritius, Micronesia (Federated States of), Mozambique, Namibia, Nauru, Niger, Nigeria, Niue, Palau, Papua New Guinea, Rwanda, Samoa, São Tomé & Príncipe, Senegal, Seychelles, Sierra Leone, Solomon Islands, South Africa, Sudan, Togo, Tonga, Tuvalu, Vanuatu, Zambia, Zimbabwe, Timor-Leste, Somalia, Luxembourg, Netherlands, United Kingdom, Portugal, Spain, Sweden, Jordan, Latvia, Lebanon, Lithuania, Malta, Poland, Romania, Slovakia, Slovenia, North Macedonia, Mexico, Montenegro, Morocco, Norway, San Marino, Serbia, Liechtenstein, Switzerland, Syria, Tunisia, Turkey, Nicaragua, Panama, Peru, South Korea, Japan, Moldova, Singapore, Ukraine, Vietnam, New Zealand, Kosovo, Kazakhstan",43,7,1,13,0,1,0,15,7,5,1,0,3,1,10,2,4,0,4,2,2,0,0,121
Ireland,65,85,"Jamaica, St. Kitts & Nevis, St. Lucia, St. Vincent & Grenadines, Suriname, Trinidad & Tobago, Kenya, Kiribati, Lesotho, Liberia, Madagascar, Malawi, Mali, Marshall Islands, Mauritania, Mauritius, Micronesia (Federated States of), Mozambique, Namibia, Nauru, Niger, Nigeria, Niue, Palau, Papua New Guinea, Rwanda, Samoa, São Tomé & Príncipe, Senegal, Seychelles, Sierra Leone, Solomon Islands, South Africa, Sudan, Tanzania, Togo, Tonga, Tuvalu, Uganda, Vanuatu, Zambia, Zimbabwe, Timor-Leste, Somalia, Italy, Luxembourg, Netherlands, United Kingdom, Portugal, Spain, Sweden, Israel, Jordan, Latvia, Lebanon, Lithuania, Malta, Poland, Romania, Slovakia, Slovenia, North Macedonia, Mexico, Montenegro, Morocco, Norway, San Marino, Serbia, Liechtenstein, Switzerland, Syria, Tunisia, Turkey, Nicaragua, Panama, Peru, South Korea, Japan, Moldova, Singapore, Ukraine, Vietnam, New Zealand, Kosovo, Kazakhstan",43,8,1,13,0,1,0,16,7,5,1,0,3,1,10,2,4,0,4,2,2,0,0,123
Luxembourg,60,69,"Tanzania, Uganda, St. Kitts & Nevis, St. Lucia, St. Vincent & Grenadines, Suriname, Trinidad & Tobago, Madagascar, Malawi, Mali, Marshall Islands, Mauritania, Mauritius, Micronesia (Federated States of), Mozambique, Namibia, Nauru, Niger, Nigeria, Niue, Palau, Papua New Guinea, Rwanda, Samoa, São Tomé & Príncipe, Senegal, Seychelles, Sierra Leone, Solomon Islands, South Africa, Sudan, Togo, Tonga, Tuvalu, Vanuatu, Zambia, Zimbabwe, Timor-Leste, Somalia, Netherlands, United Kingdom, Portugal, Spain, Sweden, Malta, Poland, Romania, Slovakia, Slovenia, North Macedonia, Mexico, Montenegro, Morocco, Norway, San Marino, Serbia, Switzerland, Syria, Tunisia, Turkey, Nicaragua, Panama, Peru, South Korea, Moldova, Singapore, Ukraine, Vietnam, New Zealand",38,6,0,9,0,1,0,12,6,5,1,0,3,1,9,0,3,0,3,2,2,0,0,101
Bulgaria,59,135,"Czechia, Denmark, France, Germany, Greece, Ireland, Italy, Luxembourg, Netherlands, Portugal, Spain, United Kingdom, Finland, Sweden, Cyprus, Estonia, Hungary, Latvia, Lithuania, Malta, Poland, Slovakia, Slovenia, Iceland, Liechtenstein, Norway, Switzerland, Israel, North Macedonia, Moldova, Serbia, Turkey, Dominica, Dominican Republic, Grenada, Guyana, Haiti, Jamaica, St. Kitts & Nevis, St. Lucia, St. Vincent & Grenadines, Suriname, Trinidad & Tobago, Romania, Croatia, Kosovo, Montenegro, Chile, Côte d’Ivoire, Burkina Faso, Burundi, Cameroon, Cape Verde, Central African Republic, Chad, Comoros, Congo - Brazzaville, Congo - Kinshasa, Cook Islands, Djibouti, Equatorial Guinea, Eritrea, Eswatini, Ethiopia, Fiji, Gabon, Gambia, Ghana, Guinea, Guinea-Bissau, Kenya, Kiribati, Lesotho, Liberia, Madagascar, Malawi, Mali, Marshall Islands, Mauritania, Mauritius, Micronesia (Federated States of), Mozambique, Namibia, Nauru, Niger, Nigeria, Niue, Palau, Papua New Guinea, Rwanda, Samoa, São Tomé & Príncipe, Senegal, Seychelles, Sierra Leone, Solomon Islands, South Africa, Sudan, Tanzania, Timor-Leste, Togo, Tonga, Tuvalu, Uganda, Vanuatu, Zambia, Zimbabwe, Somalia, Egypt, Faroe Islands, Jordan, Lebanon, Mexico, Morocco, San Marino, Syria, Tunisia, Costa Rica, El Salvador, Guatemala, Honduras, Nicaragua, Panama, Colombia, Peru, Ecuador, South Korea, Canada, Georgia, Japan, Singapore, Ukraine, Vietnam, New Zealand, Kazakhstan",0,3,2,11,1,112,8,51,13,6,1,1,8,1,18,2,7,1,4,2,2,0,0,254
Estonia,56,107,"Latvia, Lithuania, Grenada, Guyana, Haiti, Jamaica, St. Kitts & Nevis, St. Lucia, St. Vincent & Grenadines, Suriname, Trinidad & Tobago, Eswatini, Ethiopia, Fiji, Gabon, Gambia, Ghana, Guinea, Guinea-Bissau, Kenya, Kiribati, Lesotho, Liberia, Madagascar, Malawi, Mali, Marshall Islands, Mauritania, Mauritius, Micronesia (Federated States of), Mozambique, Namibia, Nauru, Niger, Nigeria, Niue, Palau, Papua New Guinea, Rwanda, Samoa, São Tomé & Príncipe, Senegal, Seychelles, Sierra Leone, Solomon Islands, South Africa, Sudan, Tanzania, Togo, Tonga, Tuvalu, Uganda, Vanuatu, Zambia, Zimbabwe, Timor-Leste, Somalia, Finland, France, Germany, Greece, Ireland, Italy, Luxembourg, Netherlands, Portugal, Spain, Sweden, United Kingdom, Faroe Islands, Israel, Jordan, Lebanon, Hungary, Malta, Poland, Romania, Slovakia, Slovenia, North Macedonia, Mexico, Montenegro, Morocco, San Marino, Serbia, Liechtenstein, Switzerland, Syria, Tunisia, Turkey, Iceland, Norway, Ukraine, Guatemala, Honduras, Nicaragua, Panama, Peru, South Korea, Georgia, Japan, Moldova, Singapore, Vietnam, New Zealand, Kosovo, Kazakhstan",0,0,0,110,0,1,0,22,10,6,1,0,5,1,15,2,5,0,4,2,2,0,0,186
Greece,55,99,"Grenada, Guyana, Haiti, Jamaica, St. Kitts & Nevis, St. Lucia, St. Vincent & Grenadines, Suriname, Trinidad & Tobago, Guinea, Guinea-Bissau, Kenya, Kiribati, Lesotho, Liberia, Madagascar, Malawi, Mali, Marshall Islands, Mauritania, Mauritius, Micronesia (Federated States of), Mozambique, Namibia, Nauru, Niger, Nigeria, Niue, Palau, Papua New Guinea, Rwanda, Samoa, São Tomé & Príncipe, Senegal, Seychelles, Sierra Leone, Solomon Islands, South Africa, Sudan, Tanzania, Togo, Tonga, Tuvalu, Uganda, Vanuatu, Zambia, Zimbabwe, Timor-Leste, Somalia, Ireland, Italy, Luxembourg, Netherlands, United Kingdom, Portugal, Spain, Sweden, Hungary, Israel, Jordan, Latvia, Lebanon, Lithuania, Malta, Poland, Romania, Slovakia, Slovenia, North Macedonia, Mexico, Montenegro, Morocco, San Marino, Serbia, Liechtenstein, Switzerland, Syria, Tunisia, Turkey, Iceland, Norway, India, Pakistan, Peru, Philippines, South Korea, Uruguay, Guatemala, Honduras, Nicaragua, Panama, Japan, Moldova, Singapore, Ukraine, Vietnam, New Zealand, Kosovo, Kazakhstan",48,9,1,15,0,1,0,18,10,5,1,0,5,1,12,2,4,0,4,2,2,0,0,140
Czechia,52,117,"Dominica, Dominican Republic, Grenada, Guyana, Haiti, Jamaica, St. Kitts & Nevis, St. Lucia, St. Vincent & Grenadines, Suriname, Trinidad & Tobago, Hungary, Poland, Slovakia, Slovenia, Romania, Djibouti, Equatorial Guinea, Eritrea, Eswatini, Ethiopia, Fiji, Gabon, Gambia, Ghana, Guinea, Guinea-Bissau, Kenya, Kiribati, Lesotho, Liberia, Madagascar, Malawi, Mali, Marshall Islands, Mauritania, Mauritius, Micronesia (Federated States of), Mozambique, Namibia, Nauru, Niger, Nigeria, Niue, Palau, Papua New Guinea, Rwanda, Samoa, São Tomé & Príncipe, Senegal, Seychelles, Sierra Leone, Solomon Islands, South Africa, Sudan, Tanzania, Togo, Tonga, Tuvalu, Uganda, Vanuatu, Zambia, Zimbabwe, Timor-Leste, Somalia, Finland, Iceland, Liechtenstein, Norway, Sweden, Switzerland, Denmark, France, Germany, Greece, Ireland, Italy, Luxembourg, Netherlands, Portugal, Spain, United Kingdom, Estonia, Israel, Latvia, Lithuania, Turkey, Egypt, Faroe Islands, Jordan, Lebanon, Malta, North Macedonia, Mexico, Montenegro, Morocco, San Marino, Serbia, Syria, Tunisia, El Salvador, Guatemala, Honduras, Nicaragua, Panama, Peru, Ecuador, South Korea, Georgia, Japan, Moldova, Singapore, Ukraine, Vietnam, New Zealand, Kosovo, Kazakhstan",0,0,0,120,0,1,0,24,12,6,1,0,6,1,15,2,6,0,4,2,2,0,0,202
Netherlands,51,53,"Tanzania, Uganda, St. Kitts & Nevis, St. Lucia, St. Vincent & Grenadines, Suriname, Trinidad & Tobago, Niger, Nigeria, Niue, Palau, Papua New Guinea, Rwanda, Samoa, São Tomé & Príncipe, Senegal, Seychelles, Sierra Leone, Solomon Islands, South Africa, Sudan, Togo, Tonga, Tuvalu, Vanuatu, Zambia, Zimbabwe, Timor-Leste, Somalia, United Kingdom, Portugal, Spain, Sweden, Poland, Romania, Slovakia, Slovenia, North Macedonia, Norway, San Marino, Serbia, Switzerland, Syria, Tunisia, Turkey, Nicaragua, Panama, Peru, South Korea, Singapore, Ukraine, Vietnam, New Zealand",27,5,0,7,0,1,0,9,6,3,1,0,3,1,6,0,1,0,3,2,2,0,0,77
Croatia,46,113,"Czechia, Hungary, Poland, Romania, Slovakia, Slovenia, North Macedonia, Kosovo, Moldova, Montenegro, Serbia, Djibouti, Dominica, Dominican Republic, Equatorial Guinea, Eritrea, Eswatini, Ethiopia, Fiji, Gabon, Gambia, Ghana, Grenada, Guinea, Guinea-Bissau, Guyana, Haiti, Jamaica, Kenya, Kiribati, Lesotho, Liberia, Madagascar, Malawi, Mali, Marshall Islands, Mauritania, Mauritius, Micronesia (Federated States of), Mozambique, Namibia, Nauru, Niger, Nigeria, Niue, Palau, Papua New Guinea, Rwanda, Samoa, São Tomé & Príncipe, Senegal, Seychelles, Sierra Leone, Solomon Islands, South Africa, St. Kitts & Nevis, St. Lucia, St. Vincent & Grenadines, Sudan, Suriname, Tanzania, Timor-Leste, Togo, Tonga, Trinidad & Tobago, Tuvalu, Uganda, Vanuatu, Zambia, Zimbabwe, Somalia, Denmark, Finland, France, Germany, Greece, Ireland, Italy, Luxembourg, Netherlands, Portugal, Spain, Sweden, United Kingdom, Cyprus, Estonia, Latvia, Lithuania, Malta, Iceland, Liechtenstein, Norway, Switzerland, Turkey, Egypt, Faroe Islands, Israel, Jordan, Lebanon, Mexico, Morocco, San Marino, Syria, Tunisia, Ecuador, Peru, Georgia, Japan, Singapore, Ukraine, Vietnam, New Zealand, Kazakhstan",0,18,9,10,2,1,8,0,0,2,0,103,0,1,41,3,6,0,4,2,2,0,0,212
Latvia,45,75,"Lithuania, St. Kitts & Nevis, St. Lucia, St. Vincent & Grenadines, Suriname, Trinidad & Tobago, Lesotho, Liberia, Madagascar, Malawi, Mali, Marshall Islands, Mauritania, Mauritius, Micronesia (Federated States of), Mozambique, Namibia, Nauru, Niger, Nigeria, Niue, Palau, Papua New Guinea, Rwanda, Samoa, São Tomé & Príncipe, Senegal, Seychelles, Sierra Leone, Solomon Islands, South Africa, Sudan, Tanzania, Togo, Tonga, Tuvalu, Uganda, Vanuatu, Zambia, Zimbabwe, Timor-Leste, Somalia, Luxembourg, Netherlands, Portugal, Spain, Sweden, United Kingdom, Lebanon, Malta, Poland, Romania, Slovakia, Slovenia, North Macedonia, Mexico, Montenegro, Morocco, San Marino, Serbia, Liechtenstein, Switzerland, Syria, Tunisia, Turkey, Norway, Ukraine, Nicaragua, Panama, Peru, South Korea, Moldova, Singapore, Vietnam, New Zealand",0,0,0,76,0,1,0,14,6,5,1,0,3,1,10,0,4,0,3,2,2,0,0,128
Hungary,45,87,"Jamaica, St. Kitts & Nevis, St. Lucia, St. Vincent & Grenadines, Suriname, Trinidad & Tobago, Poland, Slovakia, Slovenia, Romania, Kenya, Kiribati, Lesotho, Liberia, Madagascar, Malawi, Mali, Marshall Islands, Mauritania, Mauritius, Micronesia (Federated States of), Mozambique, Namibia, Nauru, Niger, Nigeria, Niue, Palau, Papua New Guinea, Rwanda, Samoa, São Tomé & Príncipe, Senegal, Seychelles, Sierra Leone, Solomon Islands, South Africa, Sudan, Tanzania, Togo, Tonga, Tuvalu, Uganda, Vanuatu, Zambia, Zimbabwe, Timor-Leste, Somalia, Ireland, Italy, Luxembourg, Netherlands, Portugal, Spain, United Kingdom, Sweden, Israel, Jordan, Lebanon, Latvia, Lithuania, Malta, North Macedonia, Mexico, Montenegro, Morocco, San Marino, Serbia, Liechtenstein, Switzerland, Syria, Tunisia, Turkey, Iceland, Norway, Nicaragua, Panama, Peru, South Korea, Japan, Moldova, Singapore, Ukraine, Vietnam, New Zealand, Kosovo, Kazakhstan",0,0,0,88,0,1,0,17,7,5,1,0,3,1,10,2,4,0,4,2,2,0,0,147
Cyprus,41,118,"Dominica, Dominican Republic, Grenada, Guyana, Haiti, Jamaica, St. Kitts & Nevis, St. Lucia, St. Vincent & Grenadines, Suriname, Trinidad & Tobago, Djibouti, Equatorial Guinea, Eritrea, Eswatini, Ethiopia, Fiji, Gabon, Gambia, Ghana, Guinea, Guinea-Bissau, Kenya, Kiribati, Lesotho, Liberia, Madagascar, Malawi, Mali, Marshall Islands, Mauritania, Mauritius, Micronesia (Federated States of), Mozambique, Namibia, Nauru, Niger, Nigeria, Niue, Palau, Papua New Guinea, Rwanda, Samoa, São Tomé & Príncipe, Senegal, Seychelles, Sierra Leone, Solomon Islands, South Africa, Sudan, Tanzania, Togo, Tonga, Tuvalu, Uganda, Vanuatu, Zambia, Zimbabwe, Timor-Leste, Somalia, Denmark, France, Germany, Ireland, Italy, Luxembourg, Netherlands, United Kingdom, Portugal, Spain, Finland, Sweden, Egypt, Faroe Islands, Israel, Jordan, Lebanon, Czechia, Estonia, Greece, Hungary, Latvia, Lithuania, Malta, Poland, Romania, Slovakia, Slovenia, North Macedonia, Mexico, Montenegro, Morocco, San Marino, Serbia, Liechtenstein, Switzerland, Syria, Tunisia, Turkey, Iceland, Norway, El Salvador, Guatemala, Honduras, Nicaragua, Panama, Peru, Ecuador, South Korea, Georgia, Japan, Moldova, Singapore, Ukraine, Vietnam, New Zealand, Kosovo, Kazakhstan",0,0,0,122,0,1,0,25,12,6,1,0,6,1,15,2,6,0,4,2,2,0,0,205
Chile,41,80,"Colombia, Ecuador, Peru, Venezuela, Costa Rica, El Salvador, Guatemala, Honduras, Nicaragua, China, United Kingdom, Denmark, Finland, France, Germany, Greece, Ireland, Italy, Luxembourg, Netherlands, Portugal, Spain, Sweden, Cyprus, Czechia, Estonia, Hungary, Latvia, Lithuania, Malta, Poland, Slovakia, Slovenia, Romania, Croatia, Iceland, Liechtenstein, Norway, Switzerland, India, Japan, South Korea, Paraguay, Uruguay, Mexico, Panama, Turkey, United States, Congo - Kinshasa, Cuba, Egypt, Ghana, Guinea, Guyana, Haiti, Indonesia, Iran, Iraq, Libya, Malaysia, Morocco, Mozambique, Nigeria, North Korea, Pakistan, Philippines, Qatar, Serbia, Singapore, Sri Lanka, Sudan, Tanzania, Thailand, Trinidad & Tobago, Tunisia, Vietnam, Zimbabwe, Israel, New Zealand, Hong Kong SAR China",0,0,13,16,0,4,5,1,1,4,1,2,4,1,0,0,9,2,7,1,1,1,1,74
Lithuania,41,70,"St. Kitts & Nevis, St. Lucia, St. Vincent & Grenadines, Suriname, Trinidad & Tobago, Madagascar, Malawi, Mali, Marshall Islands, Mauritania, Mauritius, Micronesia (Federated States of), Mozambique, Namibia, Nauru, Niger, Nigeria, Niue, Palau, Papua New Guinea, Rwanda, Samoa, São Tomé & Príncipe, Senegal, Seychelles, Sierra Leone, Solomon Islands, South Africa, Sudan, Tanzania, Togo, Tonga, Tuvalu, Uganda, Vanuatu, Zambia, Zimbabwe, Timor-Leste, Somalia, Luxembourg, Malta, Netherlands, Poland, Portugal, Romania, Slovakia, Slovenia, Spain, Sweden, United Kingdom, North Macedonia, Mexico, Montenegro, Morocco, San Marino, Serbia, Switzerland, Syria, Tunisia, Turkey, Norway, Ukraine, Nicaragua, Panama, Peru, South Korea, Moldova, Singapore, Vietnam, New Zealand",0,0,0,69,0,1,0,13,6,5,1,0,3,1,9,0,3,0,3,2,2,0,0,118
Argentina,40,55,"Colombia, Ecuador, Peru, Venezuela, Bolivia, Brazil, Chile, Costa Rica, Cuba, El Salvador, Mexico, Paraguay, Uruguay, Bangladesh, Benin, Cameroon, Congo - Kinshasa, Egypt, Ghana, Guinea, Guyana, Haiti, India, Indonesia, Iran, Iraq, Libya, Malaysia, Morocco, Mozambique, Nicaragua, Nigeria, North Korea, Pakistan, Philippines, Qatar, Romania, Serbia, Singapore, South Korea, Sri Lanka, Sudan, Tanzania, Thailand, Trinidad & Tobago, Tunisia, Vietnam, Zimbabwe, Israel, Panama, Botswana, Eswatini, Lesotho, Namibia, South Africa",4,0,1,1,9,1,2,1,5,2,1,0,0,0,0,1,0,2,1,0,0,0,0,31
Portugal,37,40,"St. Kitts & Nevis, St. Lucia, St. Vincent & Grenadines, Suriname, Trinidad & Tobago, Rwanda, Samoa, São Tomé & Príncipe, Senegal, Seychelles, Sierra Leone, Solomon Islands, South Africa, Sudan, Tanzania, Togo, Tonga, Tuvalu, Uganda, Vanuatu, Zambia, Zimbabwe, Timor-Leste, Somalia, Spain, United Kingdom, Sweden, Romania, Slovakia, Slovenia, San Marino, Serbia, Switzerland, Syria, Tunisia, Turkey, South Korea, Singapore, Ukraine, Vietnam",22,3,0,5,0,1,0,7,6,2,1,0,0,1,4,0,1,0,3,2,2,0,0,60
Egypt,35,99,"Ghana, Guinea, Mali, Morocco, Equatorial Guinea, Eswatini, Ethiopia, Gabon, Gambia, Guinea-Bissau, Kenya, Lesotho, Liberia, Libya, Madagascar, Malawi, Mauritania, Mauritius, Mozambique, Namibia, Niger, Nigeria, Rwanda, São Tomé & Príncipe, Senegal, Seychelles, Sierra Leone, Somalia, Sudan, Tanzania, Togo, Tunisia, Uganda, Western Sahara, Zambia, Zimbabwe, South Africa, Jordan, Iraq, Syria, Eritrea, Indonesia, Iran, Malaysia, Pakistan, Turkey, France, Germany, Ireland, Italy, Luxembourg, Netherlands, United Kingdom, Greece, Portugal, Spain, Finland, Sweden, Estonia, Hungary, Latvia, Lithuania, Malta, Poland, Slovakia, Slovenia, Romania, Iceland, Liechtenstein, Norway, Switzerland, Lebanon, Palestinian Territories, Guyana, Haiti, India, Mexico, Nicaragua, North Korea, Peru, Philippines, Qatar, Serbia, Singapore, South Korea, Sri Lanka, Thailand, Trinidad & Tobago, Uruguay, Venezuela, Vietnam, Kuwait, Oman, Saudi Arabia, United Arab Emirates, Yemen, Israel, Paraguay, South Sudan",0,13,0,9,3,3,6,4,0,1,2,0,0,0,0,19,0,0,37,4,0,0,0,101
Iceland,33,44,"Slovakia, Ireland, Italy, Luxembourg, Netherlands, United Kingdom, Portugal, Spain, Norway, Sweden, Switzerland, Liechtenstein, Kuwait, Oman, Qatar, Saudi Arabia, United Arab Emirates, Israel, Jordan, South Korea, Latvia, Lebanon, Lithuania, North Macedonia, Mexico, Morocco, Poland, Romania, Serbia, Singapore, Slovenia, Lesotho, Namibia, South Africa, Tunisia, Turkey, Malta, Montenegro, Peru, Ukraine, Panama, Indonesia, Philippines, Moldova",2,4,1,6,2,1,3,1,0,6,2,1,0,1,0,0,1,0,2,2,0,1,0,36
Colombia,32,83,"Ecuador, Peru, Venezuela, Paraguay, Uruguay, Costa Rica, Cuba, Dominica, Dominican Republic, El Salvador, Grenada, Guatemala, Guyana, Haiti, Honduras, Jamaica, Mexico, Nicaragua, Panama, St. Kitts & Nevis, St. Lucia, St. Vincent & Grenadines, Suriname, Trinidad & Tobago, Montserrat, Iceland, Liechtenstein, Norway, Switzerland, United States, Congo - Kinshasa, Egypt, Ghana, Guinea, India, Indonesia, Iran, Iraq, Libya, Malaysia, Morocco, Mozambique, Nigeria, North Korea, Pakistan, Philippines, Qatar, Romania, Serbia, Singapore, South Korea, Sri Lanka, Sudan, Tanzania, Thailand, Tunisia, Vietnam, Zimbabwe, Israel, United Kingdom, Cyprus, Czechia, Denmark, Estonia, Finland, France, Germany, Greece, Hungary, Ireland, Italy, Latvia, Lithuania, Luxembourg, Malta, Netherlands, Poland, Portugal, Slovakia, Slovenia, Spain, Sweden, Croatia",1,0,0,0,4,0,2,3,4,1,1,1,26,4,0,1,0,2,2,3,0,0,1,56
Malta,31,65,"St. Kitts & Nevis, St. Lucia, St. Vincent & Grenadines, Suriname, Trinidad & Tobago, Marshall Islands, Mauritania, Mauritius, Micronesia (Federated States of), Mozambique, Namibia, Nauru, Niger, Nigeria, Niue, Palau, Papua New Guinea, Rwanda, Samoa, São Tomé & Príncipe, Senegal, Seychelles, Sierra Leone, Solomon Islands, South Africa, Sudan, Tanzania, Togo, Tonga, Tuvalu, Uganda, Vanuatu, Zambia, Zimbabwe, Timor-Leste, Somalia, Netherlands, Poland, Portugal, Romania, Slovakia, Slovenia, Spain, Sweden, United Kingdom, North Macedonia, Mexico, Montenegro, Morocco, San Marino, Serbia, Switzerland, Syria, Tunisia, Turkey, Norway, Nicaragua, Panama, Peru, South Korea, Moldova, Singapore, Ukraine, Vietnam, New Zealand",0,0,0,62,0,1,0,11,6,4,1,0,3,1,8,0,3,0,3,2,2,0,0,107
Brazil,29,52,"Colombia, Ecuador, Peru, Venezuela, Cuba, Guyana, Mexico, Suriname, Uruguay, Chile, Cameroon, Congo - Kinshasa, Egypt, Ghana, Guinea, Haiti, India, Indonesia, Iran, Iraq, Libya, Malaysia, Morocco, Mozambique, Nicaragua, Nigeria, North Korea, Pakistan, Philippines, Qatar, Romania, Serbia, Singapore, South Korea, Sri Lanka, Sudan, Tanzania, Thailand, Trinidad & Tobago, Tunisia, Vietnam, Zimbabwe, Israel, Paraguay, Panama, Eswatini, Lesotho, Namibia, South Africa, Greece, Spain, Turkey",0,1,2,0,8,2,2,1,4,2,1,0,1,0,0,0,0,1,2,0,1,0,0,28
Romania,29,43,"St. Kitts & Nevis, St. Lucia, St. Vincent & Grenadines, Suriname, Trinidad & Tobago, Slovakia, Slovenia, Serbia, Rwanda, Samoa, São Tomé & Príncipe, Senegal, Seychelles, Sierra Leone, Solomon Islands, South Africa, Sudan, Tanzania, Timor-Leste, Togo, Tonga, Tuvalu, Uganda, Vanuatu, Zambia, Zimbabwe, Somalia, Spain, Sweden, United Kingdom, San Marino, Switzerland, Syria, Tunisia, Turkey, Singapore, South Korea, Sri Lanka, Thailand, Uruguay, Venezuela, Vietnam, Ukraine",0,0,0,1,0,35,1,10,6,2,1,0,0,1,4,0,1,0,3,2,2,0,0,69
Jordan,28,34,"Morocco, Tunisia, Syria, Libya, Luxembourg, Netherlands, United Kingdom, Portugal, Spain, Sweden, Latvia, Lithuania, Malta, Poland, Slovakia, Slovenia, Romania, Liechtenstein, Norway, Switzerland, Kuwait, Lebanon, Oman, Palestinian Territories, Qatar, Saudi Arabia, Somalia, Sudan, United Arab Emirates, Yemen, Mauritania, Singapore, Turkey, United States",2,5,1,7,3,1,0,0,0,1,0,0,0,0,0,0,0,0,0,1,0,0,0,21
Poland,26,41,"St. Kitts & Nevis, St. Lucia, St. Vincent & Grenadines, Suriname, Trinidad & Tobago, Slovakia, Slovenia, Romania, Rwanda, Samoa, São Tomé & Príncipe, Senegal, Seychelles, Sierra Leone, Solomon Islands, South Africa, Sudan, Tanzania, Togo, Tonga, Tuvalu, Uganda, Vanuatu, Zambia, Zimbabwe, Timor-Leste, Somalia, Portugal, Spain, Sweden, United Kingdom, San Marino, Serbia, Switzerland, Syria, Tunisia, Turkey, South Korea, Singapore, Ukraine, Vietnam",0,0,0,42,0,1,0,8,6,2,1,0,0,1,4,0,1,0,3,2,2,0,0,73
Mexico,26,42,"Nicaragua, Panama, St. Kitts & Nevis, St. Lucia, St. Vincent & Grenadines, Suriname, Trinidad & Tobago, Venezuela, United Kingdom, Netherlands, Portugal, Spain, Sweden, Poland, Slovakia, Slovenia, Romania, Norway, Switzerland, Morocco, Mozambique, Nigeria, North Korea, Pakistan, Peru, Philippines, Qatar, Serbia, Singapore, South Korea, Sri Lanka, Sudan, Tanzania, Thailand, Tunisia, Uruguay, Vietnam, Zimbabwe, Paraguay, United States, Turkey, New Zealand",7,0,2,3,2,1,1,0,0,1,0,2,1,0,1,0,5,0,5,0,1,0,1,33
Liechtenstein,26,34,"Slovakia, United Kingdom, Luxembourg, Netherlands, Portugal, Spain, Sweden, Lithuania, Malta, Poland, Slovenia, Romania, Norway, Switzerland, Oman, Qatar, Saudi Arabia, United Arab Emirates, South Korea, North Macedonia, Mexico, Morocco, Serbia, Singapore, Namibia, South Africa, Tunisia, Turkey, Montenegro, Peru, Ukraine, Panama, Philippines, Moldova",2,2,1,10,1,2,2,1,0,5,2,1,0,1,0,0,1,0,1,1,0,1,0,34
Australia,25,36,"Brunei, Cambodia, Indonesia, Laos, Malaysia, Myanmar (Burma), Philippines, Singapore, Thailand, Vietnam, Canada, Chile, New Zealand, Papua New Guinea, United States, Cook Islands, Fiji, Kiribati, Niue, Samoa, Solomon Islands, Tonga, Tuvalu, China, Japan, Marshall Islands, Micronesia (Federated States of), Nauru, Palau, Vanuatu, Mexico, Peru, South Korea, India, United Kingdom, Hong Kong SAR China",0,0,0,1,2,0,0,0,1,10,0,0,1,0,2,1,12,14,11,2,10,1,1,69
Spain,24,24,"St. Kitts & Nevis, St. Lucia, St. Vincent & Grenadines, Suriname, Trinidad & Tobago, Sudan, Tanzania, Togo, Tonga, Tuvalu, Uganda, Vanuatu, Zambia, Zimbabwe, Timor-Leste, United Kingdom, Sweden, Switzerland, Syria, Tunisia, Turkey, Uruguay, Ukraine, Vietnam",14,2,0,1,0,0,0,2,5,1,0,0,0,0,2,0,0,0,0,2,1,0,0,30
Slovakia,24,29,"St. Kitts & Nevis, St. Lucia, St. Vincent & Grenadines, Suriname, Trinidad & Tobago, Slovenia, Solomon Islands, South Africa, Sudan, Tanzania, Togo, Tonga, Tuvalu, Uganda, Vanuatu, Zambia, Zimbabwe, Timor-Leste, Somalia, Sweden, Switzerland, Spain, United Kingdom, Syria, Tunisia, Turkey, South Korea, Ukraine, Vietnam",0,0,0,31,0,0,0,4,5,1,1,0,0,1,2,0,1,0,0,2,2,0,0,50
Slovenia,23,28,"St. Kitts & Nevis, St. Lucia, St. Vincent & Grenadines, Suriname, Trinidad & Tobago, Solomon Islands, South Africa, Sudan, Tanzania, Togo, Tonga, Tuvalu, Uganda, Vanuatu, Zambia, Zimbabwe, Timor-Leste, Somalia, Spain, Sweden, United Kingdom, Switzerland, Syria, Tunisia, Turkey, South Korea, Ukraine, Vietnam",0,0,0,29,0,0,0,3,5,1,1,0,0,1,2,0,1,0,0,2,2,0,0,47
Norway,22,23,"Slovakia, United Kingdom, Portugal, Spain, Sweden, Switzerland, Oman, Qatar, Saudi Arabia, United Arab Emirates, South Korea, Poland, Romania, Serbia, Singapore, Slovenia, South Africa, Tunisia, Turkey, Peru, Ukraine, Panama, Philippines",0,1,1,3,1,1,1,1,0,5,2,0,0,1,0,0,1,0,1,1,0,1,0,21
China,22,26,"India, Laos, South Korea, Sri Lanka, Mongolia, Indonesia, Malaysia, Myanmar (Burma), Philippines, Singapore, Thailand, Vietnam, Hong Kong SAR China, Macao SAR China, New Zealand, Pakistan, Peru, Costa Rica, Switzerland, Iceland, Georgia, Maldives, Mauritius, Ecuador, Nicaragua, Serbia",0,4,0,4,8,4,1,8,2,2,1,0,0,3,0,1,0,2,0,3,8,0,0,51
Sweden,22,17,"Trinidad & Tobago, Tanzania, Togo, Tonga, Tuvalu, Uganda, Vanuatu, Zambia, Zimbabwe, Timor-Leste, United Kingdom, Switzerland, Syria, Tunisia, Turkey, Ukraine, Vietnam",9,1,0,1,0,0,0,1,1,1,0,0,0,0,2,0,0,0,0,2,1,0,0,19
Kazakhstan,21,24,"Russia, Kyrgyzstan, Tajikistan, Uzbekistan, Ukraine, Moldova, Turkmenistan, Pakistan, Turkey, Vietnam, Latvia, Lithuania, Luxembourg, Malta, Netherlands, Poland, Portugal, Romania, Slovakia, Slovenia, Spain, Sweden, United Kingdom, Serbia",0,0,0,8,0,0,1,0,0,1,1,6,0,0,2,15,0,0,0,1,0,0,0,35
Canada,21,46,"Chile, Colombia, Costa Rica, Iceland, Liechtenstein, Norway, Switzerland, Israel, Jordan, New Zealand, Peru, United States, Mexico, Portugal, Spain, Honduras, Panama, United Kingdom, Croatia, Cyprus, Czechia, Denmark, Estonia, Finland, France, Germany, Greece, Hungary, Ireland, Italy, Latvia, Lithuania, Luxembourg, Malta, Netherlands, Poland, Romania, Slovakia, Slovenia, Sweden, South Korea, Ukraine, Japan, Malaysia, Singapore, Vietnam",0,1,0,0,0,0,0,0,6,1,1,0,0,1,1,0,35,1,11,0,1,0,0,59
Eswatini,20,63,"Ethiopia, Gabon, Gambia, Ghana, Guinea, Guinea-Bissau, Kenya, Lesotho, Liberia, Libya, Madagascar, Malawi, Mali, Mauritania, Mauritius, Mozambique, Namibia, Niger, Nigeria, Rwanda, São Tomé & Príncipe, Senegal, Seychelles, Sierra Leone, Somalia, Sudan, Tanzania, Togo, Tunisia, Uganda, Western Sahara, Zambia, Zimbabwe, South Africa, Finland, France, Germany, Greece, Ireland, Italy, Luxembourg, Netherlands, Portugal, Spain, Sweden, United Kingdom, Hungary, Latvia, Lithuania, Malta, Poland, Slovakia, Slovenia, Romania, Iceland, Liechtenstein, Norway, Switzerland, Paraguay, Uruguay, Venezuela, Morocco, South Sudan",12,0,3,7,2,3,5,0,3,1,0,0,0,0,0,17,20,0,35,4,0,0,0,112
Costa Rica,20,52,"Cuba, Dominica, Dominican Republic, El Salvador, Grenada, Guatemala, Guyana, Haiti, Honduras, Jamaica, Mexico, Nicaragua, Panama, St. Kitts & Nevis, St. Lucia, St. Vincent & Grenadines, Suriname, Trinidad & Tobago, Venezuela, Montserrat, United States, United Kingdom, Cyprus, Czechia, Denmark, Estonia, Finland, France, Germany, Greece, Hungary, Ireland, Italy, Latvia, Lithuania, Luxembourg, Malta, Netherlands, Poland, Portugal, Romania, Slovakia, Slovenia, Spain, Sweden, Peru, Singapore, Iceland, Liechtenstein, Norway, Switzerland, South Korea",0,0,1,0,16,0,0,0,0,0,1,2,24,5,0,0,0,0,1,1,0,0,0,51
Belarus,20,12,"Kazakhstan, Russia, Kyrgyzstan, Moldova, Tajikistan, Serbia, Ukraine, Georgia, Turkmenistan, Uzbekistan, Vietnam, Iran",0,0,0,3,0,0,1,0,0,3,0,7,0,0,3,2,0,0,1,1,0,0,0,21
Iraq,20,37,"Jordan, Syria, Libya, Malaysia, Mexico, Morocco, Mozambique, Nicaragua, Nigeria, North Korea, Pakistan, Peru, Philippines, Qatar, Romania, Serbia, Singapore, South Korea, Sri Lanka, Sudan, Tanzania, Thailand, Trinidad & Tobago, Tunisia, Uruguay, Venezuela, Vietnam, Zimbabwe, Kuwait, Lebanon, Oman, Palestinian Territories, Saudi Arabia, Somalia, United Arab Emirates, Yemen, Mauritania",0,5,4,0,0,0,0,0,0,1,0,0,0,0,0,0,0,0,0,0,0,0,0,10
Lesotho,19,46,"Liberia, Libya, Madagascar, Malawi, Mali, Mauritania, Mauritius, Mozambique, Namibia, Niger, Nigeria, Rwanda, São Tomé & Príncipe, Senegal, Seychelles, Sierra Leone, Somalia, Sudan, Tanzania, Togo, Tunisia, Uganda, Western Sahara, Zambia, Zimbabwe, South Africa, Luxembourg, Netherlands, Portugal, Spain, Sweden, United Kingdom, Lithuania, Malta, Poland, Slovakia, Slovenia, Romania, Liechtenstein, Norway, Switzerland, Paraguay, Uruguay, Venezuela, Morocco, South Sudan",6,0,2,5,2,2,4,0,3,0,0,0,0,0,0,14,12,0,26,3,0,0,0,79
Congo - Kinshasa,19,92,"Côte d’Ivoire, Djibouti, Egypt, Equatorial Guinea, Eswatini, Ethiopia, Gabon, Gambia, Ghana, Guinea, Guinea-Bissau, Kenya, Lesotho, Liberia, Libya, Madagascar, Malawi, Mali, Mauritania, Mauritius, Mozambique, Namibia, Niger, Nigeria, Rwanda, São Tomé & Príncipe, Senegal, Seychelles, Sierra Leone, Somalia, Sudan, Tanzania, Togo, Tunisia, Uganda, Western Sahara, Zambia, Zimbabwe, South Africa, Eritrea, Denmark, Finland, France, Germany, Greece, Ireland, Italy, Luxembourg, Netherlands, Portugal, Spain, Sweden, United Kingdom, Cyprus, Czechia, Estonia, Hungary, Latvia, Lithuania, Malta, Poland, Slovakia, Slovenia, Romania, Croatia, Cuba, Ecuador, Guyana, Haiti, India, Indonesia, Iran, Iraq, Malaysia, Mexico, Morocco, Nicaragua, North Korea, Pakistan, Peru, Philippines, Qatar, Serbia, Singapore, South Korea, Sri Lanka, Thailand, Trinidad & Tobago, Uruguay, Venezuela, Vietnam, South Sudan",13,0,0,10,4,6,0,0,4,1,0,1,0,0,0,21,0,0,40,3,0,0,0,103
Botswana,19,85,"Burkina Faso, Burundi, Cameroon, Cape Verde, Central African Republic, Chad, Comoros, Congo - Brazzaville, Congo - Kinshasa, Côte d’Ivoire, Djibouti, Egypt, Equatorial Guinea, Eswatini, Ethiopia, Gabon, Gambia, Ghana, Guinea, Guinea-Bissau, Kenya, Lesotho, Liberia, Libya, Madagascar, Malawi, Mali, Mauritania, Mauritius, Mozambique, Namibia, Niger, Nigeria, Rwanda, São Tomé & Príncipe, Senegal, Seychelles, Sierra Leone, Somalia, Sudan, Tanzania, Togo, Tunisia, Uganda, Western Sahara, Zambia, Zimbabwe, South Africa, Denmark, Finland, France, Germany, Greece, Ireland, Italy, Luxembourg, Netherlands, Portugal, Spain, Sweden, United Kingdom, Cyprus, Czechia, Estonia, Hungary, Latvia, Lithuania, Malta, Poland, Slovakia, Slovenia, Bulgaria, Romania, Croatia, Iceland, Liechtenstein, Norway, Switzerland, Brazil, Paraguay, Uruguay, Venezuela, Morocco, South Sudan, Eritrea",13,0,4,10,3,3,5,0,4,0,0,1,0,0,0,24,26,0,0,51,0,0,0,144
Côte d’Ivoire,19,65,"Djibouti, Egypt, Equatorial Guinea, Eswatini, Ethiopia, Gabon, Gambia, Ghana, Guinea, Guinea-Bissau, Kenya, Lesotho, Liberia, Libya, Madagascar, Malawi, Mali, Mauritania, Mauritius, Mozambique, Namibia, Niger, Nigeria, Rwanda, São Tomé & Príncipe, Senegal, Seychelles, Sierra Leone, Somalia, Sudan, Tanzania, Togo, Tunisia, Uganda, Western Sahara, Zambia, Zimbabwe, South Africa, Cyprus, Czechia, Denmark, Estonia, Finland, France, Germany, Greece, Hungary, Ireland, Italy, Latvia, Lithuania, Luxembourg, Malta, Netherlands, Poland, Portugal, Romania, Slovakia, Slovenia, Spain, Sweden, United Kingdom, Croatia, Morocco, South Sudan",13,0,0,10,0,1,0,0,27,0,0,1,0,0,24,0,0,0,37,3,1,0,0,117
Armenia,19,41,"Belarus, Estonia, Georgia, Iran, Kazakhstan, Kyrgyzstan, Moldova, Russia, Tajikistan, Turkmenistan, Ukraine, Azerbaijan, Uzbekistan, Austria, Belgium, Bulgaria, Croatia, Cyprus, Czechia, Denmark, Finland, France, Germany, Greece, Hungary, Ireland, Italy, Latvia, Lithuania, Luxembourg, Malta, Netherlands, Poland, Portugal, Romania, Slovakia, Slovenia, Spain, Sweden, United Kingdom, Serbia",1,0,1,0,0,0,0,0,0,0,0,8,0,0,4,3,0,28,1,1,0,0,0,47
Mauritania,19,38,"Mauritius, Mozambique, Namibia, Niger, Nigeria, Rwanda, São Tomé & Príncipe, Senegal, Seychelles, Sierra Leone, Somalia, Sudan, Tanzania, Togo, Tunisia, Uganda, Western Sahara, Zambia, Zimbabwe, South Africa, Morocco, Netherlands, Portugal, Spain, Sweden, United Kingdom, Poland, Slovakia, Slovenia, Romania, Oman, Palestinian Territories, Qatar, Saudi Arabia, Syria, United Arab Emirates, Yemen, South Sudan",5,0,0,3,0,1,0,0,0,0,0,0,0,0,8,0,0,0,20,2,0,0,0,39
Israel,19,33,"Italy, Luxembourg, Netherlands, United Kingdom, Portugal, Spain, Sweden, Latvia, Lithuania, Malta, Poland, Slovakia, Slovenia, Romania, Liechtenstein, Norway, Switzerland, Jordan, Paraguay, Uruguay, Mexico, Palestinian Territories, Turkey, United States, Pakistan, Peru, Philippines, Serbia, South Korea, Tunisia, Panama, Ukraine, United Arab Emirates",1,1,0,6,1,1,0,2,0,0,0,0,0,0,0,0,0,0,1,2,0,1,1,17
Peru,18,26,"Venezuela, Philippines, Qatar, Romania, Serbia, Singapore, South Korea, Sri Lanka, Sudan, Tanzania, Thailand, Trinidad & Tobago, Tunisia, Uruguay, Vietnam, Zimbabwe, United States, Spain, Turkey, United Kingdom, Poland, Portugal, Slovakia, Slovenia, Sweden, Switzerland",0,0,0,0,0,2,2,0,1,0,1,1,9,0,0,0,3,0,2,1,0,0,1,23
India,18,41,"Laos, South Korea, Sri Lanka, Mongolia, Indonesia, Malaysia, Myanmar (Burma), Philippines, Singapore, Thailand, Vietnam, Iran, Iraq, Libya, Mexico, Morocco, Mozambique, Nicaragua, Nigeria, North Korea, Pakistan, Peru, Qatar, Romania, Serbia, Sudan, Tanzania, Trinidad & Tobago, Tunisia, Uruguay, Venezuela, Zimbabwe, Paraguay, Nepal, Israel, Spain, Turkey, Maldives, Japan, Mauritius, United Arab Emirates",0,0,0,0,6,4,1,0,0,10,0,2,0,1,0,0,0,0,0,0,0,1,1,26
Malawi,18,34,"Mali, Mauritania, Mauritius, Mozambique, Namibia, Niger, Nigeria, Rwanda, São Tomé & Príncipe, Senegal, Seychelles, Sierra Leone, Somalia, Sudan, Tanzania, Togo, Tunisia, Uganda, Western Sahara, Zambia, Zimbabwe, South Africa, Netherlands, Portugal, Spain, Sweden, United Kingdom, Malta, Poland, Slovakia, Slovenia, Romania, Morocco, South Sudan",5,0,0,4,0,2,1,0,1,1,0,0,0,0,0,11,0,0,24,2,0,0,0,51
Guatemala,18,36,"Guyana, Haiti, Honduras, Jamaica, Mexico, Nicaragua, Panama, St. Kitts & Nevis, St. Lucia, St. Vincent & Grenadines, Suriname, Trinidad & Tobago, Venezuela, United States, Taiwan, United Kingdom, Hungary, Ireland, Italy, Latvia, Lithuania, Luxembourg, Malta, Netherlands, Poland, Portugal, Romania, Slovakia, Slovenia, Spain, Sweden, Peru, Iceland, Liechtenstein, Norway, Switzerland",2,0,1,0,3,1,0,0,0,0,0,2,17,0,0,5,0,0,0,1,0,0,0,32
Cuba,18,50,"Dominica, Dominican Republic, El Salvador, Grenada, Guatemala, Guyana, Haiti, Honduras, Jamaica, Mexico, Nicaragua, Panama, St. Kitts & Nevis, St. Lucia, St. Vincent & Grenadines, Suriname, Trinidad & Tobago, Venezuela, Montserrat, Ecuador, Paraguay, Uruguay, Peru, Egypt, Ghana, Guinea, India, Indonesia, Iran, Iraq, Libya, Malaysia, Morocco, Mozambique, Nigeria, North Korea, Pakistan, Philippines, Qatar, Romania, Serbia, Singapore, South Korea, Sri Lanka, Sudan, Tanzania, Thailand, Tunisia, Vietnam, Zimbabwe",14,0,0,0,0,0,3,0,0,1,0,1,0,0,0,0,0,0,0,0,0,0,0,19
Mauritius,17,32,"Mozambique, Namibia, Niger, Nigeria, Rwanda, São Tomé & Príncipe, Senegal, Seychelles, Sierra Leone, Somalia, Sudan, Tanzania, Togo, Tunisia, Uganda, Western Sahara, Zambia, Zimbabwe, South Africa, Netherlands, Portugal, Spain, Sweden, United Kingdom, Poland, Slovakia, Slovenia, Romania, Pakistan, Turkey, Morocco, South Sudan",5,0,0,3,0,1,0,1,1,10,0,1,0,0,0,10,0,0,21,3,0,0,0,56
Kenya,17,42,"Lesotho, Liberia, Libya, Madagascar, Malawi, Mali, Mauritania, Mauritius, Mozambique, Namibia, Niger, Nigeria, Rwanda, São Tomé & Príncipe, Senegal, Seychelles, Sierra Leone, Somalia, Sudan, Tanzania, Togo, Tunisia, Uganda, Western Sahara, Zambia, Zimbabwe, South Africa, Luxembourg, Netherlands, Portugal, Spain, Sweden, United Kingdom, Latvia, Lithuania, Malta, Poland, Slovakia, Slovenia, Romania, Morocco, South Sudan",6,0,0,6,0,2,0,1,0,1,0,0,0,0,0,15,0,0,29,2,1,0,0,63
Mali,17,33,"Morocco, Mauritania, Mauritius, Mozambique, Namibia, Niger, Nigeria, Rwanda, São Tomé & Príncipe, Senegal, Seychelles, Sierra Leone, Somalia, Sudan, Tanzania, Togo, Tunisia, Uganda, Western Sahara, Zambia, Zimbabwe, South Africa, Netherlands, Portugal, Spain, Sweden, United Kingdom, Malta, Poland, Slovakia, Slovenia, Romania, South Sudan",5,0,0,4,0,1,0,0,0,0,0,0,0,0,9,0,0,0,21,2,0,0,0,42
Moldova,17,20,"Montenegro, North Macedonia, Romania, Serbia, Russia, Tajikistan, Turkmenistan, Ukraine, Uzbekistan, Netherlands, Poland, Portugal, Slovakia, Slovenia, Spain, Sweden, United Kingdom, Turkey, Norway, Switzerland",0,0,1,2,1,0,4,0,0,0,0,4,0,0,10,0,0,0,0,0,1,0,0,23
El Salvador,17,39,"Grenada, Guatemala, Guyana, Haiti, Honduras, Jamaica, Mexico, Nicaragua, Panama, St. Kitts & Nevis, St. Lucia, St. Vincent & Grenadines, Suriname, Trinidad & Tobago, Venezuela, United States, Taiwan, United Kingdom, Estonia, Finland, France, Germany, Greece, Hungary, Ireland, Italy, Latvia, Lithuania, Luxembourg, Malta, Netherlands, Poland, Portugal, Romania, Slovakia, Slovenia, Spain, Sweden, South Korea",1,0,1,0,4,0,0,2,0,0,0,1,22,0,0,0,0,0,1,1,0,0,0,33
Madagascar,17,35,"Malawi, Mali, Mauritania, Mauritius, Mozambique, Namibia, Niger, Nigeria, Rwanda, São Tomé & Príncipe, Senegal, Seychelles, Sierra Leone, Somalia, Sudan, Tanzania, Togo, Tunisia, Uganda, Western Sahara, Zambia, Zimbabwe, South Africa, Netherlands, Portugal, Spain, Sweden, United Kingdom, Malta, Poland, Slovakia, Slovenia, Romania, Morocco, South Sudan",5,0,0,4,0,9,0,0,1,11,0,0,0,0,0,12,0,0,25,3,0,0,0,70
Burundi,17,74,"Cameroon, Cape Verde, Central African Republic, Chad, Comoros, Congo - Brazzaville, Congo - Kinshasa, Côte d’Ivoire, Djibouti, Egypt, Equatorial Guinea, Eswatini, Ethiopia, Gabon, Gambia, Ghana, Guinea, Guinea-Bissau, Kenya, Lesotho, Liberia, Libya, Madagascar, Malawi, Mali, Mauritania, Mauritius, Mozambique, Namibia, Niger, Nigeria, Rwanda, São Tomé & Príncipe, Senegal, Seychelles, Sierra Leone, Somalia, Sudan, Tanzania, Togo, Tunisia, Uganda, Western Sahara, Zambia, Zimbabwe, South Africa, Eritrea, Denmark, Finland, France, Germany, Greece, Ireland, Italy, Luxembourg, Netherlands, Portugal, Spain, Sweden, United Kingdom, Cyprus, Czechia, Estonia, Hungary, Latvia, Lithuania, Malta, Poland, Slovakia, Slovenia, Romania, Croatia, Morocco, South Sudan",13,0,0,10,9,2,0,4,0,1,0,1,0,0,0,23,0,0,47,3,0,0,0,113
Antigua & Barbuda,17,53,"Bahamas, Barbados, Belize, Colombia, Costa Rica, Cuba, Dominica, Dominican Republic, El Salvador, Grenada, Guatemala, Guyana, Haiti, Honduras, Jamaica, Mexico, Nicaragua, Panama, St. Kitts & Nevis, St. Lucia, St. Vincent & Grenadines, Suriname, Trinidad & Tobago, Venezuela, Montserrat, Austria, Belgium, Bulgaria, Cyprus, Czechia, Denmark, Estonia, Finland, France, Germany, Greece, Hungary, Ireland, Italy, Latvia, Lithuania, Luxembourg, Malta, Netherlands, Poland, Portugal, Romania, Slovakia, Slovenia, Spain, Sweden, United Kingdom, Croatia",16,13,1,10,1,2,0,0,27,0,0,1,0,0,0,0,0,0,0,1,0,0,0,72
Benin,17,106,"Botswana, Burkina Faso, Burundi, Cameroon, Cape Verde, Central African Republic, Chad, Comoros, Congo - Brazzaville, Congo - Kinshasa, Côte d’Ivoire, Djibouti, Egypt, Equatorial Guinea, Eswatini, Ethiopia, Gabon, Gambia, Ghana, Guinea, Guinea-Bissau, Kenya, Lesotho, Liberia, Libya, Madagascar, Malawi, Mali, Mauritania, Mauritius, Mozambique, Namibia, Niger, Nigeria, Rwanda, São Tomé & Príncipe, Senegal, Seychelles, Sierra Leone, Somalia, Sudan, Tanzania, Togo, Tunisia, Uganda, Western Sahara, Zambia, Zimbabwe, South Africa, Denmark, Finland, France, Germany, Greece, Ireland, Italy, Luxembourg, Netherlands, Portugal, Spain, Sweden, United Kingdom, Cyprus, Czechia, Estonia, Hungary, Latvia, Lithuania, Malta, Poland, Slovakia, Slovenia, Bulgaria, Romania, Croatia, Bolivia, Brazil, Chile, Colombia, Cuba, Ecuador, Guyana, Haiti, India, Indonesia, Iran, Iraq, Malaysia, Mexico, Morocco, Nicaragua, North Korea, Pakistan, Peru, Philippines, Qatar, Serbia, Singapore, South Korea, Sri Lanka, Thailand, Trinidad & Tobago, Uruguay, Venezuela, Vietnam, South Sudan",13,0,0,10,0,2,0,0,0,0,0,1,0,0,25,0,0,0,0,51,0,0,0,102
Cameroon,17,99,"Cape Verde, Central African Republic, Chad, Comoros, Congo - Brazzaville, Congo - Kinshasa, Côte d’Ivoire, Djibouti, Egypt, Equatorial Guinea, Eswatini, Ethiopia, Gabon, Gambia, Ghana, Guinea, Guinea-Bissau, Kenya, Lesotho, Liberia, Libya, Madagascar, Malawi, Mali, Mauritania, Mauritius, Mozambique, Namibia, Niger, Nigeria, Rwanda, São Tomé & Príncipe, Senegal, Seychelles, Sierra Leone, Somalia, Sudan, Tanzania, Togo, Tunisia, Uganda, Western Sahara, Zambia, Zimbabwe, South Africa, Denmark, Finland, France, Germany, Greece, Ireland, Italy, Luxembourg, Netherlands, Portugal, Spain, Sweden, United Kingdom, Cyprus, Czechia, Estonia, Hungary, Latvia, Lithuania, Malta, Poland, Slovakia, Slovenia, Romania, Croatia, Chile, Colombia, Cuba, Ecuador, Guyana, Haiti, India, Indonesia, Iran, Iraq, Malaysia, Mexico, Morocco, Nicaragua, North Korea, Pakistan, Peru, Philippines, Qatar, Serbia, Singapore, South Korea, Sri Lanka, Thailand, Trinidad & Tobago, Uruguay, Venezuela, Vietnam, South Sudan",13,0,0,10,9,2,0,0,7,0,0,1,0,0,0,0,0,0,44,3,1,0,0,90
Burkina Faso,17,74,"Burundi, Cameroon, Cape Verde, Central African Republic, Chad, Comoros, Congo - Brazzaville, Congo - Kinshasa, Côte d’Ivoire, Djibouti, Egypt, Equatorial Guinea, Eswatini, Ethiopia, Gabon, Gambia, Ghana, Guinea, Guinea-Bissau, Kenya, Lesotho, Liberia, Libya, Madagascar, Malawi, Mali, Mauritania, Mauritius, Mozambique, Namibia, Niger, Nigeria, Rwanda, São Tomé & Príncipe, Senegal, Seychelles, Sierra Leone, Somalia, Sudan, Tanzania, Togo, Tunisia, Uganda, Western Sahara, Zambia, Zimbabwe, South Africa, Denmark, Finland, France, Germany, Greece, Ireland, Italy, Luxembourg, Netherlands, Portugal, Spain, Sweden, United Kingdom, Cyprus, Czechia, Estonia, Hungary, Latvia, Lithuania, Malta, Poland, Slovakia, Slovenia, Romania, Croatia, Morocco, South Sudan",13,0,0,10,0,1,0,0,0,0,0,1,0,0,24,0,0,0,46,3,0,0,0,98
Barbados,17,50,"Belize, Colombia, Costa Rica, Cuba, Dominica, Dominican Republic, El Salvador, Grenada, Guatemala, Guyana, Haiti, Honduras, Jamaica, Mexico, Nicaragua, Panama, St. Kitts & Nevis, St. Lucia, St. Vincent & Grenadines, Suriname, Trinidad & Tobago, Venezuela, Montserrat, Belgium, Bulgaria, Cyprus, Czechia, Denmark, Estonia, Finland, France, Germany, Greece, Hungary, Ireland, Italy, Latvia, Lithuania, Luxembourg, Malta, Netherlands, Poland, Portugal, Romania, Slovakia, Slovenia, Spain, Sweden, United Kingdom, Croatia",15,11,1,10,1,2,0,0,26,0,0,1,0,0,0,0,0,0,0,1,0,0,0,68
Namibia,16,32,"Niger, Nigeria, Rwanda, São Tomé & Príncipe, Senegal, Seychelles, Sierra Leone, Somalia, Sudan, Tanzania, Togo, Tunisia, Uganda, Western Sahara, Zambia, Zimbabwe, South Africa, Netherlands, Portugal, Spain, Sweden, United Kingdom, Poland, Slovakia, Slovenia, Romania, Norway, Switzerland, Paraguay, Uruguay, Venezuela, South Sudan",5,0,1,3,2,1,3,0,3,2,0,0,0,0,0,8,9,0,16,3,0,0,0,56
Belize,16,48,"Colombia, Costa Rica, Cuba, Dominica, Dominican Republic, El Salvador, Grenada, Guatemala, Guyana, Haiti, Honduras, Jamaica, Mexico, Nicaragua, Panama, St. Kitts & Nevis, St. Lucia, St. Vincent & Grenadines, Suriname, Trinidad & Tobago, Venezuela, Montserrat, Bulgaria, Cyprus, Czechia, Denmark, Estonia, Finland, France, Germany, Greece, Hungary, Ireland, Italy, Latvia, Lithuania, Luxembourg, Malta, Netherlands, Poland, Portugal, Romania, Slovakia, Slovenia, Spain, Sweden, United Kingdom, Croatia",20,10,1,10,1,2,1,0,25,0,0,1,0,1,0,0,0,0,0,1,0,0,0,73
Kyrgyzstan,16,9,"Russia, Tajikistan, Uzbekistan, Moldova, Turkmenistan, Ukraine, Pakistan, Turkey, Serbia",1,0,0,5,0,0,1,0,0,0,0,5,0,0,1,1,0,0,0,1,0,0,0,15
Singapore,16,21,"Thailand, Vietnam, South Korea, Switzerland, Sri Lanka, Sudan, Tanzania, Trinidad & Tobago, Tunisia, Uruguay, Venezuela, Zimbabwe, United Arab Emirates, United States, Slovakia, Slovenia, Spain, Sweden, United Kingdom, Taiwan, Turkey",0,0,1,1,0,1,1,1,1,2,0,0,0,1,0,1,2,0,12,0,2,0,1,27
Bolivia,16,44,"Colombia, Ecuador, Peru, Venezuela, Chile, Brazil, Cuba, Paraguay, Uruguay, Mexico, Cameroon, Congo - Kinshasa, Egypt, Ghana, Guinea, Guyana, Haiti, India, Indonesia, Iran, Iraq, Libya, Malaysia, Morocco, Mozambique, Nicaragua, Nigeria, North Korea, Pakistan, Philippines, Qatar, Romania, Serbia, Singapore, South Korea, Sri Lanka, Sudan, Tanzania, Thailand, Trinidad & Tobago, Tunisia, Vietnam, Zimbabwe, Panama",1,0,0,0,0,0,1,0,0,1,0,0,0,0,0,4,0,0,0,0,0,0,0,7
Morocco,16,54,"Tunisia, Netherlands, United Kingdom, Portugal, Spain, Sweden, Poland, Slovakia, Slovenia, Romania, Norway, Switzerland, Mozambique, Nicaragua, Nigeria, North Korea, Pakistan, Peru, Philippines, Qatar, Serbia, Singapore, South Korea, Sri Lanka, Sudan, Tanzania, Thailand, Trinidad & Tobago, Uruguay, Venezuela, Vietnam, Zimbabwe, Oman, Palestinian Territories, Saudi Arabia, Somalia, Syria, United Arab Emirates, Yemen, Turkey, United States, Senegal, Namibia, Niger, Rwanda, São Tomé & Príncipe, Seychelles, Sierra Leone, South Africa, South Sudan, Togo, Uganda, Western Sahara, Zambia",0,1,0,3,3,1,0,0,0,0,0,0,0,0,0,0,0,0,18,3,0,0,0,29
Honduras,16,30,"Jamaica, Mexico, Nicaragua, Panama, St. Kitts & Nevis, St. Lucia, St. Vincent & Grenadines, Suriname, Trinidad & Tobago, Venezuela, United States, Taiwan, United Kingdom, Hungary, Ireland, Italy, Latvia, Lithuania, Luxembourg, Malta, Netherlands, Poland, Portugal, Romania, Slovakia, Slovenia, Spain, Sweden, Peru, South Korea",1,0,1,0,2,0,0,1,0,0,0,1,17,0,0,1,0,0,1,1,0,0,0,26
Japan,16,26,"Laos, Malaysia, Myanmar (Burma), Philippines, Singapore, Thailand, Vietnam, Mexico, Switzerland, Peru, Latvia, Lithuania, Luxembourg, Malta, Netherlands, Poland, Portugal, Romania, Slovakia, Slovenia, Spain, Sweden, United Kingdom, New Zealand, United States, Mongolia",0,0,1,0,1,1,1,1,8,1,0,1,0,0,0,1,7,0,19,1,8,0,0,51
Chad,16,69,"Comoros, Congo - Brazzaville, Congo - Kinshasa, Côte d’Ivoire, Djibouti, Egypt, Equatorial Guinea, Eswatini, Ethiopia, Gabon, Gambia, Ghana, Guinea, Guinea-Bissau, Kenya, Lesotho, Liberia, Libya, Madagascar, Malawi, Mali, Mauritania, Mauritius, Mozambique, Namibia, Niger, Nigeria, Rwanda, São Tomé & Príncipe, Senegal, Seychelles, Sierra Leone, Somalia, Sudan, Tanzania, Togo, Tunisia, Uganda, Western Sahara, Zambia, Zimbabwe, South Africa, Morocco, Denmark, Finland, France, Germany, Greece, Ireland, Italy, Luxembourg, Netherlands, Portugal, Spain, Sweden, United Kingdom, Cyprus, Czechia, Estonia, Hungary, Latvia, Lithuania, Malta, Poland, Slovakia, Slovenia, Romania, Croatia, South Sudan",13,0,0,10,7,2,0,0,5,0,0,1,0,0,0,0,0,0,41,3,0,0,0,82
Ecuador,16,63,"Peru, Venezuela, Paraguay, Uruguay, Mexico, Egypt, Ghana, Guinea, Guyana, Haiti, India, Indonesia, Iran, Iraq, Libya, Malaysia, Morocco, Mozambique, Nicaragua, Nigeria, North Korea, Pakistan, Philippines, Qatar, Romania, Serbia, Singapore, South Korea, Sri Lanka, Sudan, Tanzania, Thailand, Trinidad & Tobago, Tunisia, Vietnam, Zimbabwe, Panama, United Kingdom, Estonia, Finland, France, Germany, Greece, Hungary, Ireland, Italy, Latvia, Lithuania, Luxembourg, Malta, Netherlands, Poland, Portugal, Slovakia, Slovenia, Spain, Sweden, Iceland, Liechtenstein, Norway, Switzerland, El Salvador, Guatemala",0,0,0,0,2,0,1,0,0,1,0,1,0,0,0,0,21,1,4,2,0,0,0,33
Tanzania,15,12,"Togo, Tunisia, Uganda, Western Sahara, Zambia, Zimbabwe, United Kingdom, Thailand, Trinidad & Tobago, Uruguay, Venezuela, Vietnam",1,0,0,0,0,0,0,0,0,0,0,0,0,0,0,3,0,0,5,1,0,0,0,10
Bahamas,15,51,"Barbados, Belize, Colombia, Costa Rica, Cuba, Dominica, Dominican Republic, El Salvador, Grenada, Guatemala, Guyana, Haiti, Honduras, Jamaica, Mexico, Nicaragua, Panama, St. Kitts & Nevis, St. Lucia, St. Vincent & Grenadines, Suriname, Trinidad & Tobago, Venezuela, Montserrat, Belgium, Bulgaria, Cyprus, Czechia, Denmark, Estonia, Finland, France, Germany, Greece, Hungary, Ireland, Italy, Latvia, Lithuania, Luxembourg, Malta, Netherlands, Poland, Portugal, Romania, Slovakia, Slovenia, Spain, Sweden, United Kingdom, Croatia",15,12,1,10,1,2,0,0,26,0,0,1,0,0,0,0,0,0,0,1,0,0,0,69
Guyana,15,54,"Haiti, Honduras, Jamaica, Mexico, Nicaragua, Panama, St. Kitts & Nevis, St. Lucia, St. Vincent & Grenadines, Suriname, Trinidad & Tobago, Venezuela, Montserrat, Hungary, Ireland, Italy, Latvia, Lithuania, Luxembourg, Malta, Netherlands, Poland, Portugal, Romania, Slovakia, Slovenia, Spain, Sweden, United Kingdom, India, Indonesia, Iran, Iraq, Libya, Malaysia, Morocco, Mozambique, Nigeria, North Korea, Pakistan, Peru, Philippines, Qatar, Serbia, Singapore, South Korea, Sri Lanka, Sudan, Tanzania, Thailand, Tunisia, Uruguay, Vietnam, Zimbabwe",8,7,1,7,0,1,0,0,16,0,0,0,0,0,0,0,0,0,0,1,0,0,0,41
Niger,15,25,"Nigeria, Rwanda, São Tomé & Príncipe, Senegal, Seychelles, Sierra Leone, Somalia, Sudan, Tanzania, Togo, Tunisia, Uganda, Western Sahara, Zambia, Zimbabwe, South Africa, Portugal, Spain, Sweden, United Kingdom, Poland, Slovakia, Slovenia, Romania, South Sudan",4,0,0,3,0,1,0,0,0,0,0,0,0,0,7,0,0,0,15,2,0,0,0,32
Central African Republic,15,70,"Chad, Comoros, Congo - Brazzaville, Congo - Kinshasa, Côte d’Ivoire, Djibouti, Egypt, Equatorial Guinea, Eswatini, Ethiopia, Gabon, Gambia, Ghana, Guinea, Guinea-Bissau, Kenya, Lesotho, Liberia, Libya, Madagascar, Malawi, Mali, Mauritania, Mauritius, Mozambique, Namibia, Niger, Nigeria, Rwanda, São Tomé & Príncipe, Senegal, Seychelles, Sierra Leone, Somalia, Sudan, Tanzania, Togo, Tunisia, Uganda, Western Sahara, Zambia, Zimbabwe, South Africa, Denmark, Finland, France, Germany, Greece, Ireland, Italy, Luxembourg, Netherlands, Portugal, Spain, Sweden, United Kingdom, Cyprus, Czechia, Estonia, Hungary, Latvia, Lithuania, Malta, Poland, Slovakia, Slovenia, Romania, Croatia, Morocco, South Sudan",13,0,0,10,8,2,0,0,6,0,0,1,0,0,0,0,0,0,42,3,0,0,0,85
Algeria,15,122,"Egypt, Ghana, Guinea, Mali, Morocco, Angola, Benin, Botswana, Burkina Faso, Burundi, Cameroon, Cape Verde, Central African Republic, Chad, Comoros, Congo - Brazzaville, Congo - Kinshasa, Côte d’Ivoire, Djibouti, Equatorial Guinea, Eswatini, Ethiopia, Gabon, Gambia, Guinea-Bissau, Kenya, Lesotho, Liberia, Libya, Madagascar, Malawi, Mauritania, Mauritius, Mozambique, Namibia, Niger, Nigeria, Rwanda, São Tomé & Príncipe, Senegal, Seychelles, Sierra Leone, Somalia, Sudan, Tanzania, Togo, Tunisia, Uganda, Western Sahara, Zambia, Zimbabwe, South Africa, Belgium, Denmark, France, Germany, Ireland, Italy, Luxembourg, Netherlands, United Kingdom, Portugal, Spain, Austria, Finland, Sweden, Greece, Cyprus, Czechia, Estonia, Hungary, Latvia, Lithuania, Malta, Poland, Slovakia, Slovenia, Bulgaria, Romania, Croatia, Jordan, Argentina, Bangladesh, Bolivia, Brazil, Chile, Colombia, Cuba, Ecuador, Guyana, Haiti, India, Indonesia, Iran, Iraq, Malaysia, Mexico, Nicaragua, North Korea, Pakistan, Peru, Philippines, Qatar, Serbia, Singapore, South Korea, Sri Lanka, Thailand, Trinidad & Tobago, Uruguay, Venezuela, Vietnam, Bahrain, Kuwait, Lebanon, Oman, Palestinian Territories, Saudi Arabia, Syria, United Arab Emirates, Yemen, South Sudan",0,1,33,10,0,2,0,0,1,0,0,1,0,0,0,0,0,0,48,5,0,0,0,101
Congo - Brazzaville,15,67,"Congo - Kinshasa, Côte d’Ivoire, Djibouti, Egypt, Equatorial Guinea, Eswatini, Ethiopia, Gabon, Gambia, Ghana, Guinea, Guinea-Bissau, Kenya, Lesotho, Liberia, Libya, Madagascar, Malawi, Mali, Mauritania, Mauritius, Mozambique, Namibia, Niger, Nigeria, Rwanda, São Tomé & Príncipe, Senegal, Seychelles, Sierra Leone, Somalia, Sudan, Tanzania, Togo, Tunisia, Uganda, Western Sahara, Zambia, Zimbabwe, South Africa, Denmark, Finland, France, Germany, Greece, Ireland, Italy, Luxembourg, Netherlands, Portugal, Spain, Sweden, United Kingdom, Cyprus, Czechia, Estonia, Hungary, Latvia, Lithuania, Malta, Poland, Slovakia, Slovenia, Romania, Croatia, Morocco, South Sudan",13,0,0,10,6,2,0,0,4,0,0,1,0,0,0,0,0,0,39,3,0,0,0,78
Mozambique,14,43,"Namibia, Niger, Nigeria, Rwanda, São Tomé & Príncipe, Senegal, Seychelles, Sierra Leone, Somalia, Sudan, Tanzania, Togo, Tunisia, Uganda, Western Sahara, Zambia, Zimbabwe, South Africa, Netherlands, Portugal, Spain, Sweden, United Kingdom, Poland, Slovakia, Slovenia, Romania, Nicaragua, North Korea, Pakistan, Peru, Philippines, Qatar, Serbia, Singapore, South Korea, Sri Lanka, Thailand, Trinidad & Tobago, Uruguay, Venezuela, Vietnam, South Sudan",5,0,0,3,1,1,0,0,1,0,0,0,0,0,0,9,9,0,17,3,0,0,0,49
Georgia,14,32,"Kazakhstan, Kyrgyzstan, Moldova, Russia, Tajikistan, Turkmenistan, Ukraine, Uzbekistan, Turkey, Germany, Greece, Hungary, Ireland, Italy, Latvia, Lithuania, Luxembourg, Malta, Netherlands, Poland, Portugal, Romania, Slovakia, Slovenia, Spain, Sweden, United Kingdom, Iceland, Liechtenstein, Norway, Switzerland, Hong Kong SAR China",0,0,2,0,0,0,0,1,0,0,0,0,0,0,18,0,4,0,1,1,0,0,0,27
Grenada,14,31,"Guatemala, Guyana, Haiti, Honduras, Jamaica, Mexico, Nicaragua, Panama, St. Kitts & Nevis, St. Lucia, St. Vincent & Grenadines, Suriname, Trinidad & Tobago, Venezuela, Montserrat, Hungary, Ireland, Italy, Latvia, Lithuania, Luxembourg, Malta, Netherlands, Poland, Portugal, Romania, Slovakia, Slovenia, Spain, Sweden, United Kingdom",8,8,1,7,0,1,0,0,16,0,0,0,0,0,0,0,0,0,0,1,0,0,0,42
Dominica,14,39,"Dominican Republic, El Salvador, Grenada, Guatemala, Guyana, Haiti, Honduras, Jamaica, Mexico, Nicaragua, Panama, St. Kitts & Nevis, St. Lucia, St. Vincent & Grenadines, Suriname, Trinidad & Tobago, Venezuela, Montserrat, Estonia, Finland, France, Germany, Greece, Hungary, Ireland, Italy, Latvia, Lithuania, Luxembourg, Malta, Netherlands, Poland, Portugal, Romania, Slovakia, Slovenia, Spain, Sweden, United Kingdom",12,9,1,8,0,1,0,0,21,0,0,0,0,0,0,0,0,0,0,1,0,0,0,53
Indonesia,14,37,"Malaysia, Philippines, Singapore, Thailand, Vietnam, Laos, Myanmar (Burma), New Zealand, Japan, South Korea, Iran, Nigeria, Pakistan, Turkey, Iraq, Libya, Mexico, Morocco, Mozambique, Nicaragua, North Korea, Peru, Qatar, Romania, Serbia, Sri Lanka, Sudan, Tanzania, Trinidad & Tobago, Tunisia, Uruguay, Venezuela, Zimbabwe, Liechtenstein, Norway, Switzerland, United Arab Emirates",0,0,0,0,0,0,6,2,1,8,0,0,1,0,0,0,0,0,3,0,4,0,0,25
Bosnia & Herzegovina,14,36,"Bulgaria, Croatia, Cyprus, Czechia, Denmark, Estonia, Finland, France, Germany, Greece, Hungary, Ireland, Italy, Latvia, Lithuania, Luxembourg, Malta, Netherlands, Poland, Portugal, Romania, Slovakia, Slovenia, Spain, Sweden, United Kingdom, North Macedonia, Moldova, Serbia, Turkey, Kosovo, Montenegro, Iceland, Liechtenstein, Norway, Switzerland",1,1,4,2,0,0,9,0,26,0,0,0,0,4,0,0,0,0,0,1,0,0,0,48
Brunei,14,21,"Indonesia, Malaysia, Philippines, Singapore, Thailand, Vietnam, Laos, Myanmar (Burma), Cambodia, New Zealand, China, India, Japan, South Korea, Chile, Canada, Mexico, Peru, United States, United Kingdom, Hong Kong SAR China",0,0,0,0,1,3,1,3,1,11,0,0,0,0,0,0,10,0,10,0,4,0,0,44
South Africa,14,15,"Sudan, Tanzania, Togo, Tunisia, Uganda, Western Sahara, Zambia, Zimbabwe, Spain, Sweden, United Kingdom, Switzerland, Uruguay, Venezuela, South Sudan",3,0,0,0,1,0,2,0,1,0,0,0,0,0,0,5,3,0,8,2,0,0,0,25
Rwanda,14,20,"São Tomé & Príncipe, Senegal, Seychelles, Sierra Leone, Somalia, Sudan, Tanzania, Togo, Tunisia, Uganda, Western Sahara, Zambia, Zimbabwe, South Africa, Spain, Sweden, United Kingdom, Slovakia, Slovenia, South Sudan",3,0,0,2,1,0,0,2,0,1,0,0,0,0,0,7,0,0,16,1,0,0,0,33
Russia,14,6,"Tajikistan, Ukraine, Turkmenistan, Uzbekistan, Serbia, Vietnam",1,0,0,1,0,0,1,0,0,0,0,3,0,0,0,1,0,0,0,1,0,0,0,8
Albania,13,39,"Bosnia & Herzegovina, Bulgaria, Croatia, Austria, Belgium, Cyprus, Czechia, Denmark, Estonia, Finland, France, Germany, Greece, Hungary, Ireland, Italy, Latvia, Lithuania, Luxembourg, Malta, Netherlands, Poland, Portugal, Slovakia, Slovenia, Spain, Sweden, United Kingdom, Iceland, Liechtenstein, Norway, Switzerland, Kosovo, North Macedonia, Moldova, Romania, Serbia, Turkey, Montenegro",0,0,2,6,0,0,35,0,0,4,0,0,0,0,0,0,0,0,0,0,0,1,0,48
Malaysia,13,29,"Philippines, Singapore, Thailand, Vietnam, Myanmar (Burma), New Zealand, South Korea, Nigeria, Pakistan, Turkey, Mexico, Morocco, Mozambique, Nicaragua, North Korea, Peru, Qatar, Romania, Serbia, Sri Lanka, Sudan, Tanzania, Trinidad & Tobago, Tunisia, Uruguay, Venezuela, Zimbabwe, United States, United Kingdom",0,0,0,0,0,0,4,2,0,7,0,0,0,0,1,0,6,0,5,0,2,0,0,27
Gabon,13,52,"Gambia, Ghana, Guinea, Guinea-Bissau, Kenya, Lesotho, Liberia, Libya, Madagascar, Malawi, Mali, Mauritania, Mauritius, Mozambique, Namibia, Niger, Nigeria, Rwanda, São Tomé & Príncipe, Senegal, Seychelles, Sierra Leone, Somalia, Sudan, Tanzania, Togo, Tunisia, Uganda, Western Sahara, Zambia, Zimbabwe, South Africa, Germany, Greece, Ireland, Italy, Luxembourg, Netherlands, Portugal, Spain, Sweden, United Kingdom, Hungary, Latvia, Lithuania, Malta, Poland, Slovakia, Slovenia, Romania, Morocco, South Sudan",10,0,0,7,3,1,0,0,1,0,0,0,0,0,0,0,0,0,31,3,0,0,0,56
Sudan,13,17,"Tanzania, Togo, Tunisia, Uganda, Western Sahara, Zambia, Zimbabwe, Sweden, United Kingdom, Thailand, Trinidad & Tobago, Uruguay, Venezuela, Vietnam, Syria, United Arab Emirates, Yemen",2,0,0,0,0,0,0,0,0,0,0,0,0,0,0,4,0,0,7,1,0,0,0,14
Seychelles,13,17,"Sierra Leone, Somalia, Sudan, Tanzania, Togo, Tunisia, Uganda, Western Sahara, Zambia, Zimbabwe, South Africa, Spain, Sweden, United Kingdom, Slovakia, Slovenia, South Sudan",3,0,0,2,0,0,0,0,3,10,0,0,0,0,0,6,0,0,13,2,0,0,0,39
St. Lucia,13,6,"St. Vincent & Grenadines, Suriname, Trinidad & Tobago, Venezuela, Sweden, United Kingdom",2,3,0,0,0,0,0,0,2,0,0,0,0,0,0,0,0,0,0,1,0,0,0,8
Ghana,13,72,"Guinea, Mali, Morocco, Guinea-Bissau, Kenya, Lesotho, Liberia, Libya, Madagascar, Malawi, Mauritania, Mauritius, Mozambique, Namibia, Niger, Nigeria, Rwanda, São Tomé & Príncipe, Senegal, Seychelles, Sierra Leone, Somalia, Sudan, Tanzania, Togo, Tunisia, Uganda, Western Sahara, Zambia, Zimbabwe, South Africa, Greece, Ireland, Italy, Luxembourg, Netherlands, Portugal, Spain, Sweden, United Kingdom, Hungary, Latvia, Lithuania, Malta, Poland, Slovakia, Slovenia, Romania, Guyana, Haiti, India, Indonesia, Iran, Iraq, Malaysia, Mexico, Nicaragua, North Korea, Pakistan, Peru, Philippines, Qatar, Serbia, Singapore, South Korea, Sri Lanka, Thailand, Trinidad & Tobago, Uruguay, Venezuela, Vietnam, South Sudan",9,0,0,7,0,1,0,0,0,0,0,0,0,0,16,0,0,0,29,3,0,1,0,66
Lebanon,13,29,"Luxembourg, Netherlands, United Kingdom, Portugal, Spain, Sweden, Lithuania, Malta, Poland, Slovakia, Slovenia, Romania, Liechtenstein, Norway, Switzerland, Libya, Morocco, Oman, Palestinian Territories, Qatar, Saudi Arabia, Somalia, Sudan, Syria, Tunisia, United Arab Emirates, Yemen, Mauritania, Turkey",1,0,6,5,3,1,0,0,0,0,0,0,0,0,0,0,0,0,0,1,0,0,0,17
St. Kitts & Nevis,12,7,"St. Lucia, St. Vincent & Grenadines, Suriname, Trinidad & Tobago, Venezuela, Sweden, United Kingdom",2,4,0,0,0,0,0,0,2,0,0,0,0,0,0,0,0,0,0,1,0,0,0,9
Nigeria,12,39,"Rwanda, São Tomé & Príncipe, Senegal, Seychelles, Sierra Leone, Somalia, Sudan, Tanzania, Togo, Tunisia, Uganda, Western Sahara, Zambia, Zimbabwe, South Africa, Portugal, Spain, Sweden, United Kingdom, Poland, Slovakia, Slovenia, Romania, Pakistan, Turkey, North Korea, Peru, Philippines, Qatar, Serbia, Singapore, South Korea, Sri Lanka, Thailand, Trinidad & Tobago, Uruguay, Venezuela, Vietnam, South Sudan",4,0,0,3,0,1,2,0,0,0,0,0,0,0,7,0,0,0,0,16,0,0,0,33
New Zealand,12,22,"Philippines, Singapore, Thailand, Vietnam, Niue, Papua New Guinea, Samoa, Solomon Islands, Tonga, Tuvalu, Taiwan, Peru, United States, South Korea, Poland, Portugal, Romania, Slovakia, Slovenia, Spain, Sweden, United Kingdom",1,0,0,0,0,2,0,0,0,4,0,0,0,1,0,1,4,0,3,0,4,0,1,21
Fiji,12,30,"Finland, France, Germany, Greece, Ireland, Italy, Luxembourg, Netherlands, Portugal, Spain, Sweden, United Kingdom, Hungary, Latvia, Lithuania, Malta, Poland, Slovakia, Slovenia, Romania, Papua New Guinea, Solomon Islands, Vanuatu, Kiribati, Nauru, Niue, Samoa, Tonga, Tuvalu, New Zealand",12,7,2,7,0,1,0,0,0,20,0,0,0,0,0,0,0,0,1,1,3,0,0,54
Senegal,12,18,"Seychelles, Sierra Leone, Somalia, Sudan, Tanzania, Togo, Tunisia, Uganda, Western Sahara, Zambia, Zimbabwe, South Africa, Spain, Sweden, United Kingdom, Slovakia, Slovenia, South Sudan",3,0,0,2,0,0,0,0,0,0,0,0,0,0,4,0,0,0,12,1,0,0,0,22
Jamaica,12,23,"Mexico, Nicaragua, Panama, St. Kitts & Nevis, St. Lucia, St. Vincent & Grenadines, Suriname, Trinidad & Tobago, Venezuela, Montserrat, Latvia, Lithuania, Luxembourg, Malta, Netherlands, Poland, Portugal, Romania, Slovakia, Slovenia, Spain, Sweden, United Kingdom",6,6,0,6,0,1,0,0,13,0,0,0,0,0,0,0,0,0,0,1,0,0,0,33
Angola,12,112,"Benin, Botswana, Burkina Faso, Burundi, Cameroon, Cape Verde, Central African Republic, Chad, Comoros, Congo - Brazzaville, Congo - Kinshasa, Côte d’Ivoire, Djibouti, Egypt, Equatorial Guinea, Eswatini, Ethiopia, Gabon, Gambia, Ghana, Guinea, Guinea-Bissau, Kenya, Lesotho, Liberia, Libya, Madagascar, Malawi, Mali, Mauritania, Mauritius, Mozambique, Namibia, Niger, Nigeria, Rwanda, São Tomé & Príncipe, Senegal, Seychelles, Sierra Leone, Somalia, Sudan, Tanzania, Togo, Tunisia, Uganda, Western Sahara, Zambia, Zimbabwe, South Africa, Eritrea, Austria, Belgium, Denmark, Finland, France, Germany, Greece, Ireland, Italy, Luxembourg, Netherlands, Portugal, Spain, Sweden, United Kingdom, Cyprus, Czechia, Estonia, Hungary, Latvia, Lithuania, Malta, Poland, Slovakia, Slovenia, Bulgaria, Romania, Croatia, Argentina, Bangladesh, Bolivia, Brazil, Chile, Colombia, Cuba, Ecuador, Guyana, Haiti, India, Indonesia, Iran, Iraq, Malaysia, Mexico, Morocco, Nicaragua, North Korea, Pakistan, Peru, Philippines, Qatar, Serbia, Singapore, South Korea, Sri Lanka, Thailand, Trinidad & Tobago, Uruguay, Venezuela, Vietnam, South Sudan",15,0,0,23,10,4,0,0,1,0,0,1,0,0,0,25,0,0,47,5,0,0,0,131
Azerbaijan,12,13,"Georgia, Kazakhstan, Kyrgyzstan, Moldova, Russia, Turkmenistan, Ukraine, Uzbekistan, Belarus, Tajikistan, Iran, Pakistan, Turkey",0,0,3,8,2,0,0,0,0,0,0,0,0,0,0,0,0,0,0,0,0,0,0,13
Guinea,12,70,"Mali, Morocco, Guinea-Bissau, Kenya, Lesotho, Liberia, Libya, Madagascar, Malawi, Mauritania, Mauritius, Mozambique, Namibia, Niger, Nigeria, Rwanda, São Tomé & Príncipe, Senegal, Seychelles, Sierra Leone, Somalia, Sudan, Tanzania, Togo, Tunisia, Uganda, Western Sahara, Zambia, Zimbabwe, South Africa, Ireland, Italy, Luxembourg, Netherlands, Portugal, Spain, Sweden, United Kingdom, Hungary, Latvia, Lithuania, Malta, Poland, Slovakia, Slovenia, Romania, Guyana, Haiti, India, Indonesia, Iran, Iraq, Malaysia, Mexico, Nicaragua, North Korea, Pakistan, Peru, Philippines, Qatar, Serbia, Singapore, South Korea, Sri Lanka, Thailand, Trinidad & Tobago, Uruguay, Venezuela, Vietnam, South Sudan",8,0,0,7,0,1,0,0,0,0,0,0,0,0,15,0,0,0,28,3,0,0,0,62
Nicaragua,12,34,"Panama, St. Kitts & Nevis, St. Lucia, St. Vincent & Grenadines, Suriname, Trinidad & Tobago, Venezuela, United States, Nigeria, North Korea, Pakistan, Peru, Philippines, Qatar, Romania, Serbia, Singapore, South Korea, Sri Lanka, Sudan, Tanzania, Thailand, Tunisia, Uruguay, Vietnam, Zimbabwe, Taiwan, United Kingdom, Poland, Portugal, Slovakia, Slovenia, Spain, Sweden",0,0,1,0,1,0,1,0,0,0,0,0,9,0,0,0,0,0,1,1,0,0,0,14
Comoros,12,69,"Congo - Brazzaville, Congo - Kinshasa, Côte d’Ivoire, Djibouti, Egypt, Equatorial Guinea, Eswatini, Ethiopia, Gabon, Gambia, Ghana, Guinea, Guinea-Bissau, Kenya, Lesotho, Liberia, Libya, Madagascar, Malawi, Mali, Mauritania, Mauritius, Mozambique, Namibia, Niger, Nigeria, Rwanda, São Tomé & Príncipe, Senegal, Seychelles, Sierra Leone, Somalia, Sudan, Tanzania, Togo, Tunisia, Uganda, Western Sahara, Zambia, Zimbabwe, South Africa, Eritrea, Denmark, Finland, France, Germany, Greece, Ireland, Italy, Luxembourg, Netherlands, Portugal, Spain, Sweden, United Kingdom, Cyprus, Czechia, Estonia, Hungary, Latvia, Lithuania, Malta, Poland, Slovakia, Slovenia, Romania, Croatia, Morocco, South Sudan",13,0,0,10,0,2,0,0,0,1,0,1,0,0,0,22,0,24,42,4,0,0,0,119
Equatorial Guinea,11,58,"Eswatini, Ethiopia, Gabon, Gambia, Ghana, Guinea, Guinea-Bissau, Kenya, Lesotho, Liberia, Libya, Madagascar, Malawi, Mali, Mauritania, Mauritius, Mozambique, Namibia, Niger, Nigeria, Rwanda, São Tomé & Príncipe, Senegal, Seychelles, Sierra Leone, Somalia, Sudan, Tanzania, Togo, Tunisia, Uganda, Western Sahara, Zambia, Zimbabwe, South Africa, Finland, France, Germany, Greece, Ireland, Italy, Luxembourg, Netherlands, Portugal, Spain, Sweden, United Kingdom, Estonia, Hungary, Latvia, Lithuania, Malta, Poland, Slovakia, Slovenia, Romania, Morocco, South Sudan",12,0,0,8,4,1,0,0,2,0,0,0,0,0,0,0,0,0,34,3,0,0,0,64
South Korea,11,16,"Sri Lanka, Vietnam, Switzerland, Sudan, Tanzania, Thailand, Trinidad & Tobago, Tunisia, Uruguay, Venezuela, Zimbabwe, United States, Spain, Turkey, United Kingdom, Sweden",0,0,0,0,0,2,1,2,0,0,3,0,1,0,0,1,0,0,0,1,2,0,0,13
Uganda,11,4,"Western Sahara, Zambia, Zimbabwe, United Kingdom",1,0,0,0,0,0,0,0,0,0,0,0,0,0,0,2,0,0,2,1,0,0,0,6
Libya,11,50,"Madagascar, Malawi, Mali, Mauritania, Mauritius, Mozambique, Namibia, Niger, Nigeria, Rwanda, São Tomé & Príncipe, Senegal, Seychelles, Sierra Leone, Somalia, Sudan, Tanzania, Togo, Tunisia, Uganda, Western Sahara, Zambia, Zimbabwe, South Africa, Syria, Morocco, Malaysia, Mexico, Nicaragua, North Korea, Pakistan, Peru, Philippines, Qatar, Romania, Serbia, Singapore, South Korea, Sri Lanka, Thailand, Trinidad & Tobago, Uruguay, Venezuela, Vietnam, Oman, Palestinian Territories, Saudi Arabia, United Arab Emirates, Yemen, South Sudan",0,1,0,0,0,8,0,0,0,1,0,0,0,0,0,13,0,0,24,2,0,0,0,49
Faroe Islands,11,24,"United Kingdom, Finland, France, Germany, Greece, Ireland, Italy, Luxembourg, Netherlands, Portugal, Spain, Sweden, Hungary, Latvia, Lithuania, Malta, Poland, Slovakia, Slovenia, Romania, Iceland, Norway, Switzerland, Turkey",0,0,0,7,0,2,0,0,0,0,0,0,0,0,1,0,0,0,0,1,0,0,0,11
Liberia,11,39,"Libya, Madagascar, Malawi, Mali, Mauritania, Mauritius, Mozambique, Namibia, Niger, Nigeria, Rwanda, São Tomé & Príncipe, Senegal, Seychelles, Sierra Leone, Somalia, Sudan, Tanzania, Togo, Tunisia, Uganda, Western Sahara, Zambia, Zimbabwe, South Africa, Luxembourg, Netherlands, Portugal, Spain, Sweden, United Kingdom, Lithuania, Malta, Poland, Slovakia, Slovenia, Romania, Morocco, South Sudan",6,0,0,5,0,1,0,0,0,0,0,0,0,0,11,0,0,0,25,2,0,0,0,50
Trinidad & Tobago,11,6,"Venezuela, United Kingdom, Tunisia, Uruguay, Vietnam, Zimbabwe",1,0,0,0,0,0,0,0,1,0,0,0,0,0,0,0,0,0,0,1,0,0,0,3
Guinea-Bissau,11,46,"Kenya, Lesotho, Liberia, Libya, Madagascar, Malawi, Mali, Mauritania, Mauritius, Mozambique, Namibia, Niger, Nigeria, Rwanda, São Tomé & Príncipe, Senegal, Seychelles, Sierra Leone, Somalia, Sudan, Tanzania, Togo, Tunisia, Uganda, Western Sahara, Zambia, Zimbabwe, South Africa, Ireland, Italy, Luxembourg, Netherlands, Portugal, Spain, Sweden, United Kingdom, Hungary, Latvia, Lithuania, Malta, Poland, Slovakia, Slovenia, Romania, Morocco, South Sudan",8,0,0,7,0,1,0,0,0,0,0,0,0,0,15,0,0,0,0,30,0,0,0,61
Pakistan,11,24,"Turkey, Tajikistan, Turkmenistan, Uzbekistan, Peru, Philippines, Qatar, Romania, Serbia, Singapore, South Korea, Sri Lanka, Sudan, Tanzania, Thailand, Trinidad & Tobago, Tunisia, Uruguay, Venezuela, Vietnam, Zimbabwe, Spain, Saudi Arabia, United Arab Emirates",0,0,1,4,1,0,1,0,0,0,0,0,0,0,0,0,0,0,0,0,0,0,2,9
Kuwait,11,19,"Liechtenstein, Norway, Switzerland, Lebanon, Libya, Morocco, Oman, Palestinian Territories, Qatar, Saudi Arabia, Somalia, Sudan, Syria, Tunisia, United Arab Emirates, Yemen, Singapore, Mauritania, Pakistan",0,4,0,0,0,0,0,0,1,3,0,0,0,0,0,0,0,0,0,0,0,0,0,8
Somalia,11,16,"Sudan, Tanzania, Togo, Tunisia, Uganda, Western Sahara, Zambia, Zimbabwe, South Africa, South Sudan, Spain, Sweden, United Kingdom, Syria, United Arab Emirates, Yemen",0,0,0,0,0,0,0,0,0,0,0,0,0,3,0,0,0,0,15,1,0,0,0,19
Saudi Arabia,10,8,"Switzerland, Somalia, Sudan, Syria, Tunisia, United Arab Emirates, Yemen, Singapore",0,2,0,0,0,0,0,0,1,1,0,0,0,0,0,0,0,0,0,0,0,0,0,4
Panama,10,22,"St. Kitts & Nevis, St. Lucia, St. Vincent & Grenadines, Suriname, Trinidad & Tobago, Venezuela, Paraguay, Peru, Uruguay, Singapore, Taiwan, United States, United Kingdom, Poland, Portugal, Romania, Slovakia, Slovenia, Spain, Sweden, Switzerland, South Korea",0,0,0,1,0,0,1,1,0,4,0,1,8,2,0,0,0,0,1,1,0,0,0,20
Sierra Leone,10,16,"Somalia, Sudan, Tanzania, Togo, Tunisia, Uganda, Western Sahara, Zambia, Zimbabwe, South Africa, Spain, Sweden, United Kingdom, Slovakia, Slovenia, South Sudan",3,0,0,2,0,0,0,0,0,0,0,0,0,0,4,0,0,0,10,1,0,0,0,20
St. Vincent & Grenadines,10,5,"Suriname, Trinidad & Tobago, Venezuela, Sweden, United Kingdom",2,2,0,0,0,0,0,0,2,0,0,0,0,0,0,0,0,0,0,1,0,0,0,7
Gambia,10,51,"Ghana, Guinea, Guinea-Bissau, Kenya, Lesotho, Liberia, Libya, Madagascar, Malawi, Mali, Mauritania, Mauritius, Mozambique, Namibia, Niger, Nigeria, Rwanda, São Tomé & Príncipe, Senegal, Seychelles, Sierra Leone, Somalia, Sudan, Tanzania, Togo, Tunisia, Uganda, Western Sahara, Zambia, Zimbabwe, South Africa, Germany, Greece, Ireland, Italy, Luxembourg, Netherlands, Portugal, Spain, Sweden, United Kingdom, Hungary, Latvia, Lithuania, Malta, Poland, Slovakia, Slovenia, Romania, Morocco, South Sudan",10,0,0,7,0,1,0,0,0,0,0,0,0,0,17,0,0,0,30,3,0,0,0,68
Bahrain,10,26,"Jordan, United States, Iceland, Liechtenstein, Norway, Switzerland, Egypt, Iraq, Kuwait, Lebanon, Libya, Morocco, Oman, Palestinian Territories, Qatar, Saudi Arabia, Somalia, Sudan, Syria, Tunisia, United Arab Emirates, Yemen, Singapore, Djibouti, Mauritania, Pakistan",0,6,1,0,1,0,0,0,1,4,0,0,0,0,0,0,0,0,0,0,0,0,0,13
Cambodia,10,14,"Indonesia, Laos, Malaysia, Myanmar (Burma), Philippines, Singapore, Thailand, Vietnam, New Zealand, China, India, Japan, South Korea, Hong Kong SAR China",0,0,0,0,1,0,1,2,1,10,0,0,0,0,0,0,0,0,1,0,4,1,0,21
Djibouti,10,72,"Egypt, Equatorial Guinea, Eswatini, Ethiopia, Gabon, Gambia, Ghana, Guinea, Guinea-Bissau, Kenya, Lesotho, Liberia, Libya, Madagascar, Malawi, Mali, Mauritania, Mauritius, Mozambique, Namibia, Niger, Nigeria, Rwanda, São Tomé & Príncipe, Senegal, Seychelles, Sierra Leone, Somalia, Sudan, Tanzania, Togo, Tunisia, Uganda, Western Sahara, Zambia, Zimbabwe, South Africa, Eritrea, Finland, France, Germany, Greece, Ireland, Italy, Luxembourg, Netherlands, Portugal, Spain, Sweden, United Kingdom, Estonia, Hungary, Latvia, Lithuania, Malta, Poland, Slovakia, Slovenia, Romania, Iraq, Jordan, Kuwait, Lebanon, Morocco, Oman, Palestinian Territories, Qatar, Saudi Arabia, Syria, United Arab Emirates, Yemen, South Sudan",12,0,0,8,0,2,0,0,0,1,0,0,0,0,0,20,0,0,38,3,0,0,0,84
Dominican Republic,10,39,"El Salvador, Grenada, Guatemala, Guyana, Haiti, Honduras, Jamaica, Mexico, Nicaragua, Panama, St. Kitts & Nevis, St. Lucia, St. Vincent & Grenadines, Suriname, Trinidad & Tobago, Venezuela, Montserrat, Estonia, Finland, France, Germany, Greece, Hungary, Ireland, Italy, Latvia, Lithuania, Luxembourg, Malta, Netherlands, Poland, Portugal, Romania, Slovakia, Slovenia, Spain, Sweden, United Kingdom, United States",12,0,0,8,5,1,0,0,21,0,0,0,0,5,0,0,0,0,0,1,0,0,0,53
Tunisia,10,11,"Uganda, Western Sahara, Zambia, Zimbabwe, United Kingdom, Uruguay, Venezuela, Vietnam, United Arab Emirates, Yemen, Turkey",0,0,0,0,1,0,0,0,0,0,0,0,0,0,0,0,0,0,6,2,0,0,0,9
Ethiopia,10,55,"Gabon, Gambia, Ghana, Guinea, Guinea-Bissau, Kenya, Lesotho, Liberia, Libya, Madagascar, Malawi, Mali, Mauritania, Mauritius, Mozambique, Namibia, Niger, Nigeria, Rwanda, São Tomé & Príncipe, Senegal, Seychelles, Sierra Leone, Somalia, Sudan, Tanzania, Togo, Tunisia, Uganda, Western Sahara, Zambia, Zimbabwe, South Africa, Finland, France, Germany, Greece, Ireland, Italy, Luxembourg, Netherlands, Portugal, Spain, Sweden, United Kingdom, Hungary, Latvia, Lithuania, Malta, Poland, Slovakia, Slovenia, Romania, Morocco, South Sudan",12,0,0,7,0,2,0,0,0,1,0,0,0,0,0,16,0,0,34,3,0,0,0,75
Solomon Islands,9,6,"Spain, Sweden, United Kingdom, Vanuatu, Tonga, Tuvalu",3,0,3,0,0,0,0,0,0,0,0,0,0,0,0,0,0,0,0,0,4,0,0,10
Philippines,9,18,"Singapore, Thailand, Vietnam, South Korea, Qatar, Romania, Serbia, Sri Lanka, Sudan, Tanzania, Trinidad & Tobago, Tunisia, Uruguay, Venezuela, Zimbabwe, Spain, Turkey, Switzerland",0,0,0,0,0,0,1,1,0,3,0,0,0,0,0,0,1,0,0,0,1,0,0,7
United Kingdom,9,4,"Vanuatu, Zambia, Zimbabwe, Vietnam",3,0,0,0,0,0,0,0,0,1,0,0,0,0,0,0,0,0,0,4,1,0,0,9
Samoa,9,9,"Spain, Sweden, United Kingdom, Slovakia, Slovenia, Tonga, Tuvalu, Vanuatu, Solomon Islands",3,3,1,2,0,0,0,0,0,0,0,0,0,0,0,0,0,0,5,0,3,0,0,17
Laos,9,11,"South Korea, Sri Lanka, Mongolia, Malaysia, Myanmar (Burma), Philippines, Singapore, Thailand, Vietnam, New Zealand, United States",0,0,0,1,0,2,1,1,0,7,0,0,0,1,0,0,0,0,0,0,2,0,0,15
Cape Verde,9,71,"Central African Republic, Chad, Comoros, Congo - Brazzaville, Congo - Kinshasa, Côte d’Ivoire, Djibouti, Egypt, Equatorial Guinea, Eswatini, Ethiopia, Gabon, Gambia, Ghana, Guinea, Guinea-Bissau, Kenya, Lesotho, Liberia, Libya, Madagascar, Malawi, Mali, Mauritania, Mauritius, Mozambique, Namibia, Niger, Nigeria, Rwanda, São Tomé & Príncipe, Senegal, Seychelles, Sierra Leone, Somalia, Sudan, Tanzania, Togo, Tunisia, Uganda, Western Sahara, Zambia, Zimbabwe, South Africa, Denmark, Finland, France, Germany, Greece, Ireland, Italy, Luxembourg, Netherlands, Portugal, Spain, Sweden, United Kingdom, Cyprus, Czechia, Estonia, Hungary, Latvia, Lithuania, Malta, Poland, Slovakia, Slovenia, Romania, Croatia, Morocco, South Sudan",13,0,0,10,0,1,0,0,0,0,0,1,0,0,24,0,0,0,43,3,0,0,0,95
North Macedonia,9,13,"Romania, Serbia, United Kingdom, Portugal, Spain, Sweden, Poland, Slovakia, Slovenia, Norway, Switzerland, Turkey, Ukraine",2,5,0,4,0,2,3,0,0,0,0,0,0,0,0,0,0,0,0,0,1,0,0,17
Suriname,9,4,"Trinidad & Tobago, Venezuela, Sweden, United Kingdom",2,1,0,0,0,0,0,0,2,0,0,0,0,0,0,0,0,0,0,1,0,1,0,7
Paraguay,9,5,"Venezuela, Peru, Uruguay, South Africa, Taiwan",0,0,0,0,2,1,1,0,2,0,0,0,0,0,0,0,0,1,0,0,0,0,0,7
Papua New Guinea,9,13,"Portugal, Spain, Sweden, United Kingdom, Poland, Slovakia, Slovenia, Romania, Solomon Islands, Vanuatu, Samoa, Tonga, Tuvalu",4,0,5,3,0,1,0,0,0,8,0,0,0,0,0,0,0,0,1,1,3,0,0,26
Oman,8,13,"Switzerland, Palestinian Territories, Qatar, Saudi Arabia, Somalia, Sudan, Syria, Tunisia, United Arab Emirates, Yemen, Singapore, United States, Pakistan",0,3,0,0,0,0,1,0,1,1,0,0,0,0,0,0,0,0,0,0,0,0,0,6
Turkey,8,7,"United Kingdom, Turkmenistan, Uzbekistan, Uruguay, Ukraine, Venezuela, United Arab Emirates",0,0,0,2,0,0,0,0,0,0,0,0,0,0,0,0,0,0,1,0,1,0,1,5
Iran,8,35,"Malaysia, Nigeria, Pakistan, Turkey, Kazakhstan, Kyrgyzstan, Tajikistan, Turkmenistan, Uzbekistan, Iraq, Libya, Mexico, Morocco, Mozambique, Nicaragua, North Korea, Peru, Philippines, Qatar, Romania, Serbia, Singapore, South Korea, Sri Lanka, Sudan, Tanzania, Thailand, Trinidad & Tobago, Tunisia, Uruguay, Venezuela, Vietnam, Zimbabwe, Syria, Russia",0,0,0,7,2,0,5,0,0,0,0,0,0,0,0,0,0,0,3,0,0,0,0,17
Switzerland,8,5,"United Kingdom, United Arab Emirates, Tunisia, Turkey, Ukraine",0,0,0,0,1,0,0,0,0,1,1,0,0,0,0,0,0,0,1,1,0,0,0,5
Tajikistan,7,4,"Turkmenistan, Ukraine, Uzbekistan, Turkey",0,1,0,3,0,0,1,0,0,0,0,2,0,0,0,0,0,0,0,0,0,0,0,7
Tonga,7,3,"United Kingdom, Tuvalu, Vanuatu",1,2,0,0,0,0,0,0,0,0,0,0,0,0,0,0,0,0,0,0,0,0,0,3
Uruguay,7,3,"Venezuela, Vietnam, Zimbabwe",0,0,0,0,1,0,1,0,1,0,0,0,0,0,0,0,0,0,0,0,0,0,0,3
Togo,7,6,"Tunisia, Uganda, Western Sahara, Zambia, Zimbabwe, United Kingdom",1,0,0,0,0,0,0,0,0,0,0,0,0,0,0,0,0,0,4,1,0,0,0,6
Zambia,7,1,Zimbabwe,0,0,0,0,0,0,0,0,0,0,0,0,0,0,0,1,0,0,0,1,0,0,0,2
Serbia,7,19,"Slovakia, Slovenia, Spain, Sweden, United Kingdom, Switzerland, Singapore, South Korea, Sri Lanka, Sudan, Tanzania, Thailand, Trinidad & Tobago, Tunisia, Uruguay, Venezuela, Vietnam, Zimbabwe, Turkey",0,0,0,0,0,0,0,0,5,2,0,0,0,0,0,0,0,0,0,0,0,1,0,8
Qatar,7,20,"Switzerland, Romania, Serbia, Singapore, South Korea, Sri Lanka, Sudan, Tanzania, Thailand, Trinidad & Tobago, Tunisia, Uruguay, Venezuela, Vietnam, Zimbabwe, Saudi Arabia, Somalia, Syria, United Arab Emirates, Yemen",0,2,0,0,0,0,0,0,1,1,0,0,0,0,0,0,0,0,0,0,0,0,0,4
Bhutan,7,5,"India, Maldives, Nepal, Pakistan, Sri Lanka",0,0,0,0,5,0,1,0,0,0,0,0,0,0,0,0,0,0,0,0,0,0,0,6
Haiti,7,53,"Honduras, Jamaica, Mexico, Nicaragua, Panama, St. Kitts & Nevis, St. Lucia, St. Vincent & Grenadines, Suriname, Trinidad & Tobago, Venezuela, Montserrat, Hungary, Ireland, Italy, Latvia, Lithuania, Luxembourg, Malta, Netherlands, Poland, Portugal, Romania, Slovakia, Slovenia, Spain, Sweden, United Kingdom, India, Indonesia, Iran, Iraq, Libya, Malaysia, Morocco, Mozambique, Nigeria, North Korea, Pakistan, Peru, Philippines, Qatar, Serbia, Singapore, South Korea, Sri Lanka, Sudan, Tanzania, Thailand, Tunisia, Uruguay, Vietnam, Zimbabwe",8,0,7,7,0,1,0,0,16,0,0,0,0,0,0,0,0,0,0,1,0,0,0,40
Syria,6,5,"United Kingdom, Tunisia, United Arab Emirates, Yemen, Turkey",1,0,1,0,1,0,0,0,0,0,0,0,0,0,0,0,0,0,0,0,0,0,0,3
Bangladesh,6,51,"China, India, Laos, South Korea, Sri Lanka, Mongolia, Egypt, Indonesia, Iran, Malaysia, Nigeria, Pakistan, Turkey, Benin, Bolivia, Brazil, Cameroon, Chile, Colombia, Congo - Kinshasa, Cuba, Ecuador, Ghana, Guinea, Guyana, Haiti, Iraq, Libya, Mexico, Morocco, Mozambique, Nicaragua, North Korea, Peru, Philippines, Qatar, Romania, Serbia, Singapore, Sudan, Tanzania, Thailand, Trinidad & Tobago, Tunisia, Uruguay, Venezuela, Vietnam, Zimbabwe, Bhutan, Maldives, Nepal",0,1,0,0,6,5,7,0,0,0,0,0,0,1,0,0,0,0,0,0,0,0,0,20
Ukraine,6,2,"Uzbekistan, United Kingdom",0,0,0,0,0,0,0,0,0,0,0,1,0,0,1,0,0,0,0,0,1,0,0,3
Montserrat,6,6,"St. Kitts & Nevis, St. Lucia, St. Vincent & Grenadines, Trinidad & Tobago, Suriname, Venezuela",0,5,0,0,0,0,0,0,0,0,0,0,0,0,0,0,0,0,0,0,0,0,0,5
Kiribati,6,22,"Luxembourg, Netherlands, Portugal, Spain, Sweden, United Kingdom, Latvia, Lithuania, Malta, Poland, Slovakia, Slovenia, Romania, Nauru, Niue, Samoa, Tonga, Tuvalu, Vanuatu, Papua New Guinea, Solomon Islands, New Zealand",6,6,2,6,0,1,0,0,0,0,0,0,0,0,0,0,0,0,0,0,0,0,0,21
São Tomé & Príncipe,6,19,"Senegal, Seychelles, Sierra Leone, Somalia, Sudan, Tanzania, Togo, Tunisia, Uganda, Western Sahara, Zambia, Zimbabwe, South Africa, Spain, Sweden, United Kingdom, Slovakia, Slovenia, South Sudan",3,0,0,2,0,0,0,0,0,0,0,0,0,0,0,0,0,0,13,1,0,0,0,19
Tuvalu,5,2,"United Kingdom, Vanuatu",1,1,0,0,0,0,0,0,0,0,0,0,0,0,0,0,0,0,0,0,0,0,0,2
Myanmar (Burma),5,6,"Philippines, Singapore, Thailand, Vietnam, New Zealand, South Korea",0,0,0,0,0,0,1,1,0,5,0,0,0,0,0,0,0,0,0,0,2,0,0,9
Montenegro,5,15,"North Macedonia, Romania, Serbia, Netherlands, Poland, Portugal, Slovakia, Slovenia, Spain, Sweden, United Kingdom, Turkey, Norway, Switzerland, Ukraine",0,0,0,0,0,0,3,9,1,0,0,3,0,0,0,0,0,0,0,0,0,0,0,16
Turkmenistan,4,2,"Ukraine, Uzbekistan",0,0,0,1,0,0,0,0,0,0,0,0,0,0,0,0,0,0,0,0,0,0,0,1
Cook Islands,4,36,"Denmark, Finland, France, Germany, Greece, Ireland, Italy, Luxembourg, Netherlands, Portugal, Spain, Sweden, United Kingdom, Cyprus, Czechia, Estonia, Hungary, Latvia, Lithuania, Malta, Poland, Slovakia, Slovenia, Romania, Croatia, Fiji, Kiribati, Nauru, Niue, Samoa, Tonga, Tuvalu, Vanuatu, Papua New Guinea, Solomon Islands, New Zealand",13,8,2,10,0,1,0,0,0,0,0,1,0,0,0,0,0,0,0,0,0,0,0,35
Hong Kong SAR China,4,14,"Iceland, Liechtenstein, Norway, Switzerland, New Zealand, Macao SAR China, Indonesia, Laos, Malaysia, Myanmar (Burma), Philippines, Singapore, Thailand, Vietnam",0,0,0,0,0,0,0,0,0,0,1,4,0,0,0,0,0,1,8,0,0,0,0,14
Kosovo,4,18,"Moldova, Montenegro, North Macedonia, Romania, Serbia, United Kingdom, Latvia, Lithuania, Luxembourg, Malta, Netherlands, Poland, Portugal, Slovakia, Slovenia, Spain, Sweden, Turkey",0,0,0,0,0,1,5,0,0,0,0,0,0,1,0,13,0,0,0,1,0,0,0,21
Afghanistan,3,15,"India, Azerbaijan, Iran, Kazakhstan, Kyrgyzstan, Pakistan, Tajikistan, Turkey, Turkmenistan, Uzbekistan, Bangladesh, Bhutan, Maldives, Nepal, Sri Lanka",0,0,0,10,0,0,0,0,7,0,0,0,0,0,0,0,0,0,0,0,0,0,0,17
Eritrea,3,41,"Eswatini, Ethiopia, Kenya, Lesotho, Madagascar, Malawi, Mauritius, Mozambique, Namibia, Rwanda, Sudan, Tanzania, Uganda, Zambia, Zimbabwe, Libya, Seychelles, Somalia, Tunisia, Finland, France, Germany, Greece, Ireland, Italy, Luxembourg, Netherlands, Portugal, Spain, Sweden, United Kingdom, Estonia, Hungary, Latvia, Lithuania, Malta, Poland, Slovakia, Slovenia, Romania, South Africa",12,0,0,8,0,2,0,0,0,1,0,0,0,0,0,18,0,0,2,0,0,0,0,43
Thailand,3,6,"Vietnam, Trinidad & Tobago, Tunisia, Uruguay, Venezuela, Zimbabwe",0,0,0,0,0,0,0,0,0,1,0,0,0,0,0,0,0,0,0,0,0,0,0,1
Niue,3,14,"Portugal, Spain, Sweden, United Kingdom, Poland, Slovakia, Slovenia, Romania, Samoa, Tonga, Tuvalu, Vanuatu, Papua New Guinea, Solomon Islands",4,4,2,3,0,1,0,0,0,0,0,0,0,0,0,0,0,0,0,0,0,0,0,14
Western Sahara,2,2,"Zambia, Zimbabwe",0,0,0,0,0,0,0,0,0,0,0,0,0,0,0,0,0,0,1,1,0,0,0,2
United States,2,1,Vietnam,1,0,0,0,0,0,0,0,0,0,0,0,0,0,0,0,1,0,0,0,0,0,0,2
Palestinian Territories,2,8,"Qatar, Saudi Arabia, Somalia, Sudan, Syria, Tunisia, United Arab Emirates, Yemen",0,0,0,0,0,0,0,0,0,0,0,0,0,0,0,0,0,0,0,0,0,0,0,0
United Arab Emirates,2,1,Yemen,0,0,0,0,0,0,0,0,0,0,0,0,0,0,0,0,0,0,0,0,0,0,0,0
South Sudan,2,8,"Tunisia, Sudan, Tanzania, Togo, Uganda, Western Sahara, Zambia, Zimbabwe",0,0,0,0,0,0,0,0,0,0,0,0,0,0,0,0,0,0,8,1,0,0,0,9
Maldives,2,3,"Nepal, Pakistan, Sri Lanka",0,0,0,0,3,0,0,0,0,0,0,0,0,0,0,0,0,0,0,0,0,0,0,3
Greenland,2,2,"Iceland, Sweden",0,0,0,0,0,0,0,0,0,0,0,0,0,0,0,0,0,0,0,0,0,0,0,0
Nauru,2,16,"Netherlands, Portugal, Spain, Sweden, United Kingdom, Poland, Slovakia, Slovenia, Romania, Niue, Samoa, Tonga, Tuvalu, Vanuatu, Papua New Guinea, Solomon Islands",5,5,2,3,0,1,0,0,0,0,0,0,0,0,0,0,0,0,0,0,0,0,0,16
Nepal,2,2,"Pakistan, Sri Lanka",0,0,0,0,2,0,0,0,0,0,0,0,0,0,0,0,0,0,0,0,0,0,0,2
Marshall Islands,1,9,"Netherlands, Portugal, Spain, Sweden, United Kingdom, Poland, Slovakia, Slovenia, Romania",5,0,0,3,0,1,0,0,0,0,0,0,0,0,0,0,0,0,0,0,0,0,0,9
Sri Lanka,1,9,"Sudan, Tanzania, Thailand, Trinidad & Tobago, Tunisia, Uruguay, Venezuela, Vietnam, Zimbabwe",0,0,0,0,0,0,0,0,0,0,0,0,0,0,0,0,0,0,0,0,0,0,0,0
North Korea,1,18,"Pakistan, Peru, Philippines, Qatar, Romania, Serbia, Singapore, South Korea, Sri Lanka, Sudan, Tanzania, Thailand, Trinidad & Tobago, Tunisia, Uruguay, Venezuela, Vietnam, Zimbabwe",0,0,0,0,0,0,0,0,0,0,0,0,0,0,0,0,0,0,0,0,0,0,0,0
Palau,1,8,"Portugal, Spain, Sweden, United Kingdom, Poland, Slovakia, Slovenia, Romania",4,0,0,3,0,1,0,0,0,0,0,0,0,0,0,0,0,0,0,0,0,0,0,8
Timor-Leste,1,1,United Kingdom,0,0,0,1,0,0,0,0,0,0,0,0,0,0,0,0,0,0,0,0,0,0,0,1
Mongolia,1,2,"South Korea, Sri Lanka",0,0,0,0,0,0,0,0,0,0,0,0,0,2,0,0,0,0,0,0,0,0,0,2
San Marino,1,5,"Spain, United Kingdom, Sweden, Slovakia, Slovenia",0,0,0,2,0,0,0,0,0,0,0,0,0,0,0,0,0,0,0,0,0,0,0,2
Andorra,1,28,"Belgium, Denmark, France, Germany, Greece, Ireland, Italy, Luxembourg, Netherlands, Portugal, Spain, United Kingdom, Austria, Finland, Sweden, Cyprus, Czechia, Estonia, Hungary, Latvia, Lithuania, Malta, Poland, Slovakia, Slovenia, Bulgaria, Romania, Croatia",0,0,0,10,0,2,0,0,0,0,0,1,0,0,0,0,0,0,0,0,0,0,0,13
Venezuela,1,2,"Vietnam, Zimbabwe",0,0,0,0,0,0,0,0,0,0,0,0,0,0,0,0,0,0,0,0,0,0,0,0
Vietnam,1,1,Zimbabwe,0,0,0,0,0,0,0,0,0,0,0,0,0,0,0,0,0,0,0,0,0,0,0,0
Micronesia (Federated States of),1,9,"Netherlands, Portugal, Spain, Sweden, United Kingdom, Poland, Slovakia, Slovenia, Romania",5,0,0,3,0,1,0,0,0,0,0,0,0,0,0,0,0,0,0,0,0,0,0,9
